Timestamp,Mob_Type,X,Y
2026-01-11 17:59:30,Weak,3,6
2026-01-11 17:59:31,Weak,3,4
2026-01-11 17:59:31,Weak,3,9
2026-01-11 17:59:31,Strong,3,2
2026-01-11 17:59:31,Strong,5,0
2026-01-11 17:59:31,Strong,6,1
2026-01-11 17:59:31,Weak,5,6
2026-01-11 17:59:31,Strong,5,7
2026-01-11 17:59:31,Strong,8,2
2026-01-11 17:59:31,Strong,7,6
2026-01-11 17:59:31,Weak,8,10
2026-01-11 17:59:31,Strong,8,7
2026-01-11 17:59:31,Weak,9,2
2026-01-11 17:59:31,Weak,0,9
2026-01-11 17:59:31,Strong,1,1
2026-01-11 17:59:31,Strong,1,5
2026-01-11 17:59:31,Weak,3,5
2026-01-11 17:59:31,Strong,4,7
2026-01-11 17:59:31,Weak,4,2
2026-01-11 17:59:31,Strong,3,3
2026-01-11 17:59:31,Strong,5,1
2026-01-11 17:59:31,Strong,4,4
2026-01-11 17:59:31,Strong,7,1
2026-01-11 17:59:31,Strong,6,7
2026-01-11 17:59:31,Weak,6,10
2026-01-11 17:59:31,Strong,6,6
2026-01-11 17:59:31,Strong,8,8
2026-01-11 17:59:31,Strong,9,7
2026-01-11 17:59:31,Weak,0,10
2026-01-11 17:59:31,Strong,0,1
2026-01-11 17:59:31,Strong,1,1
2026-01-11 17:59:31,Strong,2,5
2026-01-11 17:59:31,Weak,1,7
2026-01-11 17:59:31,Weak,4,5
2026-01-11 17:59:31,Weak,4,6
2026-01-11 17:59:31,Weak,3,8
2026-01-11 17:59:31,Strong,4,8
2026-01-11 17:59:31,Weak,3,2
2026-01-11 17:59:31,Strong,4,1
2026-01-11 17:59:31,Strong,5,7
2026-01-11 17:59:31,Weak,7,10
2026-01-11 17:59:31,Strong,6,7
2026-01-11 17:59:31,Strong,7,8
2026-01-11 17:59:31,Weak,9,3
2026-01-11 17:59:31,Strong,9,8
2026-01-11 17:59:31,Weak,10,7
2026-01-11 17:59:31,Strong,0,0
2026-01-11 17:59:31,Strong,2,1
2026-01-11 17:59:31,Weak,4,7
2026-01-11 17:59:31,Weak,3,7
2026-01-11 17:59:31,Strong,4,9
2026-01-11 17:59:31,Weak,2,9
2026-01-11 17:59:31,Weak,4,2
2026-01-11 17:59:31,Strong,4,3
2026-01-11 17:59:31,Weak,7,9
2026-01-11 17:59:31,Strong,7,2
2026-01-11 17:59:31,Weak,7,10
2026-01-11 17:59:31,Strong,8,8
2026-01-11 17:59:31,Weak,8,3
2026-01-11 17:59:31,Weak,10,8
2026-01-11 17:59:31,Strong,1,6
2026-01-11 17:59:31,Weak,1,10
2026-01-11 17:59:31,Strong,1,1
2026-01-11 17:59:31,Strong,3,5
2026-01-11 17:59:31,Weak,1,8
2026-01-11 17:59:31,Weak,3,8
2026-01-11 17:59:31,Weak,1,9
2026-01-11 17:59:31,Strong,3,3
2026-01-11 17:59:31,Strong,3,1
2026-01-11 17:59:31,Strong,4,3
2026-01-11 17:59:31,Weak,7,8
2026-01-11 17:59:31,Strong,7,7
2026-01-11 17:59:31,Weak,7,9
2026-01-11 17:59:31,Strong,8,9
2026-01-11 17:59:31,Strong,9,2
2026-01-11 17:59:31,Strong,8,8
2026-01-11 17:59:31,Strong,1,5
2026-01-11 17:59:31,Weak,0,10
2026-01-11 17:59:31,Strong,2,1
2026-01-11 17:59:31,Strong,2,5
2026-01-11 17:59:31,Weak,1,7
2026-01-11 17:59:31,Weak,4,6
2026-01-11 17:59:31,Weak,2,8
2026-01-11 17:59:31,Weak,2,9
2026-01-11 17:59:31,Weak,4,1
2026-01-11 17:59:31,Strong,4,2
2026-01-11 17:59:31,Strong,7,6
2026-01-11 17:59:31,Weak,7,10
2026-01-11 17:59:31,Weak,9,1
2026-01-11 17:59:31,Strong,8,10
2026-01-11 17:59:31,Strong,10,2
2026-01-11 17:59:31,Weak,8,2
2026-01-11 17:59:31,Strong,8,9
2026-01-11 17:59:31,Weak,9,8
2026-01-11 17:59:31,Weak,9,9
2026-01-11 17:59:41,Strong,2,6
2026-01-11 17:59:41,Strong,1,0
2026-01-11 17:59:41,Weak,1,6
2026-01-11 17:59:41,Weak,3,8
2026-01-11 17:59:41,Weak,5,1
2026-01-11 17:59:41,Strong,4,3
2026-01-11 17:59:41,Strong,3,0
2026-01-11 17:59:41,Strong,8,1
2026-01-11 17:59:41,Weak,6,10
2026-01-11 17:59:41,Weak,9,2
2026-01-11 17:59:41,Strong,9,10
2026-01-11 17:59:41,Strong,10,3
2026-01-11 17:59:41,Strong,7,9
2026-01-11 17:59:41,Weak,9,7
2026-01-11 17:59:41,Weak,10,9
2026-01-11 17:59:41,Strong,1,1
2026-01-11 17:59:41,Weak,1,7
2026-01-11 17:59:41,Weak,3,6
2026-01-11 17:59:41,Weak,3,7
2026-01-11 17:59:41,Weak,3,3
2026-01-11 17:59:41,Strong,4,8
2026-01-11 17:59:41,Weak,6,1
2026-01-11 17:59:41,Weak,4,6
2026-01-11 17:59:41,Weak,6,9
2026-01-11 17:59:41,Weak,9,1
2026-01-11 17:59:41,Weak,9,6
2026-01-11 17:59:41,Strong,1,6
2026-01-11 17:59:41,Weak,0,9
2026-01-11 17:59:41,Strong,0,1
2026-01-11 17:59:41,Strong,4,9
2026-01-11 17:59:41,Strong,3,1
2026-01-11 17:59:41,Strong,4,1
2026-01-11 17:59:41,Weak,8,8
2026-01-11 17:59:41,Strong,7,1
2026-01-11 17:59:41,Strong,7,7
2026-01-11 17:59:41,Weak,6,10
2026-01-11 17:59:41,Strong,10,4
2026-01-11 17:59:41,Weak,7,2
2026-01-11 17:59:41,Strong,7,10
2026-01-11 17:59:41,Weak,10,6
2026-01-11 17:59:41,Strong,1,1
2026-01-11 17:59:41,Weak,1,8
2026-01-11 17:59:41,Strong,3,4
2026-01-11 17:59:41,Weak,3,5
2026-01-11 17:59:41,Strong,3,8
2026-01-11 17:59:41,Weak,3,9
2026-01-11 17:59:41,Weak,6,0
2026-01-11 17:59:41,Strong,4,4
2026-01-11 17:59:41,Strong,5,1
2026-01-11 17:59:41,Strong,6,1
2026-01-11 17:59:41,Weak,5,6
2026-01-11 17:59:41,Weak,8,7
2026-01-11 17:59:41,Weak,10,1
2026-01-11 17:59:41,Strong,9,9
2026-01-11 17:59:41,Strong,7,9
2026-01-11 17:59:41,Weak,10,8
2026-01-11 17:59:41,Weak,9,10
2026-01-11 17:59:41,Strong,1,5
2026-01-11 17:59:41,Strong,1,2
2026-01-11 17:59:41,Strong,0,0
2026-01-11 17:59:41,Weak,1,9
2026-01-11 17:59:41,Weak,4,8
2026-01-11 17:59:41,Weak,2,7
2026-01-11 17:59:41,Weak,3,2
2026-01-11 17:59:41,Strong,3,7
2026-01-11 17:59:41,Weak,2,9
2026-01-11 17:59:41,Strong,4,3
2026-01-11 17:59:41,Strong,3,9
2026-01-11 17:59:41,Strong,8,2
2026-01-11 17:59:41,Strong,4,7
2026-01-11 17:59:41,Weak,9,7
2026-01-11 17:59:41,Strong,6,7
2026-01-11 17:59:41,Strong,8,9
2026-01-11 17:59:41,Strong,10,3
2026-01-11 17:59:41,Weak,6,2
2026-01-11 17:59:41,Strong,7,8
2026-01-11 17:59:41,Weak,10,5
2026-01-11 17:59:41,Weak,9,8
2026-01-11 17:59:41,Weak,9,9
2026-01-11 17:59:41,Strong,0,5
2026-01-11 17:59:41,Strong,1,1
2026-01-11 17:59:41,Strong,0,1
2026-01-11 17:59:41,Weak,1,8
2026-01-11 17:59:41,Strong,3,3
2026-01-11 17:59:41,Weak,3,4
2026-01-11 17:59:41,Strong,3,6
2026-01-11 17:59:41,Weak,2,8
2026-01-11 17:59:41,Weak,5,0
2026-01-11 17:59:41,Strong,2,9
2026-01-11 17:59:41,Strong,2,1
2026-01-11 17:59:41,Strong,9,2
2026-01-11 17:59:41,Weak,5,7
2026-01-11 17:59:41,Strong,4,6
2026-01-11 17:59:41,Weak,9,6
2026-01-11 17:59:41,Strong,7,7
2026-01-11 17:59:41,Weak,10,0
2026-01-11 17:59:41,Strong,8,10
2026-01-11 17:59:41,Strong,9,3
2026-01-11 17:59:41,Strong,8,8
2026-01-11 17:59:41,Weak,10,4
2026-01-11 17:59:41,Weak,8,9
2026-01-11 17:59:51,Strong,1,0
2026-01-11 17:59:51,Strong,2,4
2026-01-11 17:59:51,Weak,1,7
2026-01-11 17:59:51,Weak,4,4
2026-01-11 17:59:51,Weak,3,1
2026-01-11 17:59:51,Weak,6,0
2026-01-11 17:59:51,Strong,1,9
2026-01-11 17:59:51,Strong,8,2
2026-01-11 17:59:51,Weak,6,7
2026-01-11 17:59:51,Strong,4,5
2026-01-11 17:59:51,Weak,10,6
2026-01-11 17:59:51,Strong,8,7
2026-01-11 17:59:51,Weak,8,1
2026-01-11 17:59:51,Strong,7,10
2026-01-11 17:59:51,Strong,9,4
2026-01-11 17:59:51,Strong,2,5
2026-01-11 17:59:51,Strong,0,0
2026-01-11 17:59:51,Strong,3,4
2026-01-11 17:59:51,Weak,1,8
2026-01-11 17:59:52,Strong,3,2
2026-01-11 17:59:52,Weak,4,7
2026-01-11 17:59:52,Weak,2,6
2026-01-11 17:59:52,Weak,2,7
2026-01-11 17:59:52,Strong,4,2
2026-01-11 17:59:52,Strong,1,10
2026-01-11 17:59:52,Strong,1,1
2026-01-11 17:59:52,Strong,4,1
2026-01-11 17:59:52,Strong,7,2
2026-01-11 17:59:52,Weak,5,7
2026-01-11 17:59:52,Weak,10,5
2026-01-11 17:59:52,Strong,7,7
2026-01-11 17:59:52,Weak,6,9
2026-01-11 17:59:52,Weak,8,0
2026-01-11 17:59:52,Weak,10,1
2026-01-11 17:59:52,Strong,8,10
2026-01-11 17:59:52,Strong,9,3
2026-01-11 17:59:52,Strong,8,7
2026-01-11 17:59:52,Weak,10,8
2026-01-11 17:59:52,Weak,8,8
2026-01-11 17:59:52,Strong,2,4
2026-01-11 17:59:52,Weak,2,8
2026-01-11 17:59:52,Weak,5,4
2026-01-11 17:59:52,Weak,1,6
2026-01-11 17:59:52,Strong,3,5
2026-01-11 17:59:52,Weak,2,6
2026-01-11 17:59:52,Strong,1,0
2026-01-11 17:59:52,Strong,5,1
2026-01-11 17:59:52,Weak,5,6
2026-01-11 17:59:52,Strong,4,4
2026-01-11 17:59:52,Strong,6,7
2026-01-11 17:59:52,Weak,8,1
2026-01-11 17:59:52,Weak,9,1
2026-01-11 17:59:52,Strong,8,9
2026-01-11 17:59:52,Strong,9,2
2026-01-11 17:59:52,Weak,6,1
2026-01-11 17:59:52,Weak,10,3
2026-01-11 17:59:52,Weak,9,8
2026-01-11 17:59:52,Strong,1,5
2026-01-11 17:59:52,Weak,2,9
2026-01-11 17:59:52,Weak,6,4
2026-01-11 17:59:52,Weak,5,7
2026-01-11 17:59:52,Weak,3,0
2026-01-11 17:59:52,Strong,3,4
2026-01-11 17:59:52,Weak,2,7
2026-01-11 17:59:52,Weak,5,0
2026-01-11 17:59:52,Strong,0,10
2026-01-11 17:59:52,Strong,4,5
2026-01-11 17:59:52,Weak,8,2
2026-01-11 17:59:52,Strong,8,10
2026-01-11 17:59:52,Strong,9,3
2026-01-11 17:59:52,Weak,6,0
2026-01-11 17:59:52,Strong,9,7
2026-01-11 17:59:52,Weak,10,7
2026-01-11 17:59:52,Weak,7,4
2026-01-11 17:59:52,Weak,2,6
2026-01-11 17:59:52,Weak,3,1
2026-01-11 17:59:52,Weak,3,7
2026-01-11 17:59:52,Strong,4,3
2026-01-11 17:59:52,Strong,1,1
2026-01-11 17:59:52,Strong,6,1
2026-01-11 17:59:52,Weak,10,4
2026-01-11 17:59:52,Weak,7,9
2026-01-11 17:59:52,Weak,8,3
2026-01-11 17:59:52,Weak,10,1
2026-01-11 17:59:52,Strong,9,10
2026-01-11 17:59:52,Strong,9,4
2026-01-11 17:59:52,Weak,9,3
2026-01-11 17:59:52,Weak,9,9
2026-01-11 17:59:52,Strong,2,5
2026-01-11 17:59:52,Strong,1,0
2026-01-11 17:59:52,Weak,2,8
2026-01-11 17:59:52,Strong,4,2
2026-01-11 17:59:52,Weak,6,4
2026-01-11 17:59:52,Weak,4,7
2026-01-11 17:59:52,Weak,3,0
2026-01-11 17:59:52,Weak,3,6
2026-01-11 17:59:52,Strong,1,2
2026-01-11 17:59:52,Strong,3,1
2026-01-11 17:59:52,Strong,3,5
2026-01-11 17:59:52,Weak,10,5
2026-01-11 17:59:52,Strong,5,7
2026-01-11 17:59:52,Weak,8,9
2026-01-11 17:59:52,Weak,10,0
2026-01-11 17:59:52,Strong,8,4
2026-01-11 17:59:52,Strong,8,7
2026-01-11 17:59:52,Weak,9,4
2026-01-11 17:59:52,Weak,10,8
2026-01-11 17:59:52,Weak,10,9
2026-01-11 17:59:57,Strong,1,5
2026-01-11 17:59:57,Weak,3,8
2026-01-11 17:59:57,Strong,4,1
2026-01-11 17:59:57,Weak,3,7
2026-01-11 17:59:57,Weak,1,6
2026-01-11 17:59:57,Strong,4,4
2026-01-11 17:59:57,Strong,3,3
2026-01-11 17:59:57,Strong,1,10
2026-01-11 17:59:57,Strong,4,5
2026-01-11 17:59:57,Weak,10,4
2026-01-11 17:59:57,Weak,7,9
2026-01-11 17:59:57,Weak,8,2
2026-01-11 17:59:57,Strong,10,10
2026-01-11 17:59:57,Strong,8,3
2026-01-11 17:59:57,Strong,8,8
2026-01-11 17:59:57,Weak,10,7
2026-01-11 17:59:57,Strong,2,5
2026-01-11 17:59:57,Strong,1,1
2026-01-11 17:59:57,Strong,3,4
2026-01-11 17:59:57,Weak,4,8
2026-01-11 17:59:57,Strong,4,2
2026-01-11 17:59:57,Weak,5,4
2026-01-11 17:59:57,Weak,2,7
2026-01-11 17:59:57,Weak,1,7
2026-01-11 17:59:57,Weak,3,5
2026-01-11 17:59:57,Strong,6,2
2026-01-11 17:59:57,Strong,4,6
2026-01-11 17:59:57,Weak,10,5
2026-01-11 17:59:57,Weak,8,9
2026-01-11 17:59:57,Weak,7,2
2026-01-11 17:59:57,Strong,9,10
2026-01-11 17:59:57,Strong,8,2
2026-01-11 17:59:57,Weak,10,10
2026-01-11 17:59:57,Strong,2,4
2026-01-11 17:59:57,Strong,1,0
2026-01-11 17:59:57,Strong,0,0
2026-01-11 17:59:57,Weak,3,8
2026-01-11 17:59:57,Strong,3,2
2026-01-11 17:59:57,Weak,3,7
2026-01-11 17:59:57,Weak,1,8
2026-01-11 17:59:57,Strong,4,5
2026-01-11 17:59:57,Weak,2,5
2026-01-11 17:59:57,Weak,10,4
2026-01-11 17:59:57,Strong,6,7
2026-01-11 17:59:57,Strong,8,10
2026-01-11 17:59:57,Weak,9,7
2026-01-11 17:59:57,Strong,1,5
2026-01-11 17:59:57,Weak,3,6
2026-01-11 17:59:57,Weak,1,9
2026-01-11 17:59:57,Strong,4,4
2026-01-11 17:59:57,Weak,3,5
2026-01-11 17:59:57,Strong,4,3
2026-01-11 17:59:57,Strong,0,10
2026-01-11 17:59:57,Strong,1,1
2026-01-11 17:59:57,Strong,4,1
2026-01-11 17:59:57,Weak,5,7
2026-01-11 17:59:57,Strong,6,6
2026-01-11 17:59:57,Strong,7,8
2026-01-11 17:59:57,Weak,10,7
2026-01-11 17:59:57,Strong,1,6
2026-01-11 17:59:57,Strong,2,5
2026-01-11 17:59:57,Strong,0,1
2026-01-11 17:59:57,Strong,2,4
2026-01-11 17:59:57,Weak,3,7
2026-01-11 17:59:57,Strong,3,1
2026-01-11 17:59:57,Weak,1,10
2026-01-11 17:59:57,Weak,4,5
2026-01-11 17:59:57,Strong,2,1
2026-01-11 17:59:57,Strong,6,7
2026-01-11 17:59:57,Weak,9,9
2026-01-11 17:59:57,Strong,9,10
2026-01-11 17:59:57,Strong,8,1
2026-01-11 17:59:57,Strong,7,7
2026-01-11 17:59:57,Weak,10,8
2026-01-11 17:59:57,Strong,2,6
2026-01-11 17:59:57,Strong,1,5
2026-01-11 17:59:57,Strong,1,1
2026-01-11 17:59:57,Strong,3,2
2026-01-11 17:59:57,Weak,3,5
2026-01-11 17:59:57,Weak,1,9
2026-01-11 17:59:57,Strong,4,2
2026-01-11 17:59:57,Strong,3,1
2026-01-11 17:59:57,Weak,5,8
2026-01-11 17:59:57,Weak,5,7
2026-01-11 17:59:57,Strong,3,6
2026-01-11 17:59:57,Weak,10,9
2026-01-11 17:59:57,Strong,8,10
2026-01-11 17:59:57,Strong,8,2
2026-01-11 17:59:57,Weak,10,7
2026-01-11 18:00:02,Strong,1,6
2026-01-11 18:00:02,Strong,2,5
2026-01-11 18:00:02,Strong,0,0
2026-01-11 18:00:02,Weak,2,7
2026-01-11 18:00:02,Weak,6,4
2026-01-11 18:00:02,Weak,3,4
2026-01-11 18:00:02,Weak,2,9
2026-01-11 18:00:02,Strong,4,3
2026-01-11 18:00:02,Strong,1,10
2026-01-11 18:00:02,Weak,5,6
2026-01-11 18:00:02,Strong,3,7
2026-01-11 18:00:02,Weak,9,9
2026-01-11 18:00:02,Strong,8,3
2026-01-11 18:00:02,Weak,8,4
2026-01-11 18:00:02,Weak,9,7
2026-01-11 18:00:02,Weak,9,10
2026-01-11 18:00:02,Strong,2,6
2026-01-11 18:00:02,Strong,3,5
2026-01-11 18:00:02,Weak,1,9
2026-01-11 18:00:02,Strong,0,1
2026-01-11 18:00:02,Strong,4,2
2026-01-11 18:00:02,Weak,3,9
2026-01-11 18:00:02,Weak,5,1
2026-01-11 18:00:02,Strong,3,2
2026-01-11 18:00:02,Strong,4,7
2026-01-11 18:00:02,Weak,10,3
2026-01-11 18:00:02,Strong,5,7
2026-01-11 18:00:02,Weak,8,2
2026-01-11 18:00:02,Strong,9,3
2026-01-11 18:00:02,Strong,8,7
2026-01-11 18:00:02,Weak,8,5
2026-01-11 18:00:02,Weak,9,6
2026-01-11 18:00:02,Weak,10,10
2026-01-11 18:00:02,Strong,2,5
2026-01-11 18:00:02,Weak,2,9
2026-01-11 18:00:02,Weak,3,7
2026-01-11 18:00:02,Strong,4,1
2026-01-11 18:00:02,Weak,5,4
2026-01-11 18:00:02,Weak,4,9
2026-01-11 18:00:02,Weak,3,1
2026-01-11 18:00:02,Strong,0,10
2026-01-11 18:00:02,Strong,4,2
2026-01-11 18:00:02,Weak,4,8
2026-01-11 18:00:02,Weak,6,6
2026-01-11 18:00:02,Weak,10,2
2026-01-11 18:00:02,Strong,8,1
2026-01-11 18:00:02,Weak,10,9
2026-01-11 18:00:02,Weak,7,2
2026-01-11 18:00:02,Strong,7,10
2026-01-11 18:00:02,Strong,9,4
2026-01-11 18:00:02,Strong,8,8
2026-01-11 18:00:02,Weak,9,7
2026-01-11 18:00:02,Strong,1,5
2026-01-11 18:00:02,Strong,1,2
2026-01-11 18:00:02,Weak,6,4
2026-01-11 18:00:02,Strong,1,1
2026-01-11 18:00:02,Weak,5,8
2026-01-11 18:00:02,Weak,5,6
2026-01-11 18:00:02,Weak,10,1
2026-01-11 18:00:02,Strong,7,1
2026-01-11 18:00:02,Strong,6,7
2026-01-11 18:00:02,Weak,8,2
2026-01-11 18:00:02,Strong,10,4
2026-01-11 18:00:02,Strong,9,8
2026-01-11 18:00:02,Weak,10,7
2026-01-11 18:00:02,Strong,2,5
2026-01-11 18:00:02,Weak,1,9
2026-01-11 18:00:02,Strong,0,0
2026-01-11 18:00:02,Weak,5,4
2026-01-11 18:00:02,Weak,4,8
2026-01-11 18:00:02,Weak,5,0
2026-01-11 18:00:02,Strong,1,0
2026-01-11 18:00:02,Strong,5,1
2026-01-11 18:00:02,Strong,5,7
2026-01-11 18:00:02,Weak,9,1
2026-01-11 18:00:02,Strong,6,6
2026-01-11 18:00:02,Weak,7,2
2026-01-11 18:00:02,Strong,8,10
2026-01-11 18:00:02,Strong,10,5
2026-01-11 18:00:02,Strong,10,8
2026-01-11 18:00:02,Weak,8,6
2026-01-11 18:00:02,Weak,9,7
2026-01-11 18:00:02,Weak,9,10
2026-01-11 18:00:02,Weak,2,9
2026-01-11 18:00:02,Weak,3,8
2026-01-11 18:00:02,Weak,3,2
2026-01-11 18:00:02,Strong,0,9
2026-01-11 18:00:02,Weak,4,6
2026-01-11 18:00:02,Strong,7,6
2026-01-11 18:00:02,Weak,9,9
2026-01-11 18:00:02,Weak,10,1
2026-01-11 18:00:02,Strong,10,4
2026-01-11 18:00:02,Strong,9,8
2026-01-11 18:00:02,Weak,9,6
2026-01-11 18:00:02,Weak,10,7
2026-01-11 18:00:06,Weak,3,9
2026-01-11 18:00:06,Weak,3,6
2026-01-11 18:00:06,Strong,5,6
2026-01-11 18:00:06,Strong,7,7
2026-01-11 18:00:06,Weak,8,9
2026-01-11 18:00:06,Weak,10,2
2026-01-11 18:00:06,Strong,10,3
2026-01-11 18:00:06,Strong,10,8
2026-01-11 18:00:06,Weak,8,6
2026-01-11 18:00:06,Strong,1,5
2026-01-11 18:00:06,Strong,2,5
2026-01-11 18:00:06,Strong,0,1
2026-01-11 18:00:06,Strong,1,1
2026-01-11 18:00:06,Strong,3,1
2026-01-11 18:00:06,Weak,6,4
2026-01-11 18:00:06,Weak,3,3
2026-01-11 18:00:06,Strong,5,4
2026-01-11 18:00:06,Weak,4,6
2026-01-11 18:00:06,Weak,2,6
2026-01-11 18:00:06,Strong,8,1
2026-01-11 18:00:06,Strong,7,6
2026-01-11 18:00:06,Weak,7,9
2026-01-11 18:00:06,Weak,7,1
2026-01-11 18:00:06,Strong,10,4
2026-01-11 18:00:06,Weak,6,1
2026-01-11 18:00:06,Strong,9,8
2026-01-11 18:00:06,Weak,9,7
2026-01-11 18:00:06,Strong,2,1
2026-01-11 18:00:06,Weak,6,5
2026-01-11 18:00:06,Weak,3,5
2026-01-11 18:00:06,Weak,4,5
2026-01-11 18:00:06,Weak,2,7
2026-01-11 18:00:06,Strong,5,7
2026-01-11 18:00:06,Weak,7,8
2026-01-11 18:00:06,Weak,10,3
2026-01-11 18:00:06,Strong,10,5
2026-01-11 18:00:06,Strong,10,8
2026-01-11 18:00:06,Weak,8,5
2026-01-11 18:00:06,Weak,9,8
2026-01-11 18:00:06,Strong,2,6
2026-01-11 18:00:06,Strong,0,0
2026-01-11 18:00:06,Strong,3,4
2026-01-11 18:00:06,Weak,3,7
2026-01-11 18:00:06,Weak,6,6
2026-01-11 18:00:06,Weak,4,7
2026-01-11 18:00:06,Weak,3,2
2026-01-11 18:00:06,Strong,4,4
2026-01-11 18:00:06,Strong,1,9
2026-01-11 18:00:06,Strong,7,2
2026-01-11 18:00:06,Weak,1,7
2026-01-11 18:00:06,Strong,6,7
2026-01-11 18:00:06,Weak,9,2
2026-01-11 18:00:06,Strong,8,2
2026-01-11 18:00:06,Strong,7,7
2026-01-11 18:00:06,Weak,7,9
2026-01-11 18:00:06,Weak,6,2
2026-01-11 18:00:06,Strong,10,9
2026-01-11 18:00:06,Weak,8,4
2026-01-11 18:00:06,Weak,9,7
2026-01-11 18:00:06,Strong,2,5
2026-01-11 18:00:06,Strong,3,6
2026-01-11 18:00:06,Strong,0,1
2026-01-11 18:00:06,Weak,2,7
2026-01-11 18:00:06,Strong,4,1
2026-01-11 18:00:06,Weak,7,6
2026-01-11 18:00:06,Weak,4,6
2026-01-11 18:00:06,Weak,3,3
2026-01-11 18:00:06,Strong,1,8
2026-01-11 18:00:06,Strong,0,0
2026-01-11 18:00:06,Strong,3,2
2026-01-11 18:00:06,Strong,6,6
2026-01-11 18:00:06,Strong,8,7
2026-01-11 18:00:06,Weak,7,10
2026-01-11 18:00:06,Weak,6,1
2026-01-11 18:00:06,Weak,10,4
2026-01-11 18:00:06,Strong,9,9
2026-01-11 18:00:06,Weak,7,4
2026-01-11 18:00:06,Weak,10,7
2026-01-11 18:00:06,Strong,1,5
2026-01-11 18:00:06,Strong,3,7
2026-01-11 18:00:06,Weak,4,9
2026-01-11 18:00:06,Strong,3,1
2026-01-11 18:00:06,Weak,8,6
2026-01-11 18:00:06,Weak,3,6
2026-01-11 18:00:06,Weak,4,7
2026-01-11 18:00:06,Strong,1,9
2026-01-11 18:00:06,Strong,4,2
2026-01-11 18:00:06,Strong,7,1
2026-01-11 18:00:06,Strong,6,5
2026-01-11 18:00:06,Weak,9,3
2026-01-11 18:00:06,Strong,8,1
2026-01-11 18:00:06,Strong,7,7
2026-01-11 18:00:06,Strong,8,9
2026-01-11 18:00:06,Weak,7,2
2026-01-11 18:00:06,Weak,10,6
2026-01-11 18:00:27,Weak,3,6
2026-01-11 18:00:27,Weak,3,4
2026-01-11 18:00:27,Weak,3,9
2026-01-11 18:00:27,Strong,3,2
2026-01-11 18:00:27,Strong,5,0
2026-01-11 18:00:27,Strong,6,1
2026-01-11 18:00:27,Weak,5,6
2026-01-11 18:00:27,Strong,5,7
2026-01-11 18:00:27,Strong,8,2
2026-01-11 18:00:27,Strong,7,6
2026-01-11 18:00:27,Weak,8,10
2026-01-11 18:00:27,Strong,8,7
2026-01-11 18:00:27,Weak,9,2
2026-01-11 18:00:27,Weak,0,9
2026-01-11 18:00:27,Strong,1,1
2026-01-11 18:00:27,Strong,1,5
2026-01-11 18:00:27,Weak,3,5
2026-01-11 18:00:27,Strong,4,7
2026-01-11 18:00:27,Weak,4,2
2026-01-11 18:00:27,Strong,3,3
2026-01-11 18:00:27,Strong,5,1
2026-01-11 18:00:27,Strong,4,4
2026-01-11 18:00:27,Strong,7,1
2026-01-11 18:00:27,Strong,6,7
2026-01-11 18:00:27,Weak,6,10
2026-01-11 18:00:27,Strong,6,6
2026-01-11 18:00:27,Strong,8,8
2026-01-11 18:00:27,Strong,9,7
2026-01-11 18:00:27,Weak,0,10
2026-01-11 18:00:27,Strong,0,1
2026-01-11 18:00:27,Strong,1,1
2026-01-11 18:00:27,Strong,2,5
2026-01-11 18:00:27,Weak,1,7
2026-01-11 18:00:27,Weak,4,5
2026-01-11 18:00:27,Weak,4,6
2026-01-11 18:00:27,Weak,3,8
2026-01-11 18:00:27,Strong,4,8
2026-01-11 18:00:27,Weak,3,2
2026-01-11 18:00:27,Strong,4,1
2026-01-11 18:00:27,Strong,5,7
2026-01-11 18:00:27,Weak,7,10
2026-01-11 18:00:27,Strong,6,7
2026-01-11 18:00:27,Strong,7,8
2026-01-11 18:00:27,Weak,9,3
2026-01-11 18:00:27,Strong,9,8
2026-01-11 18:00:27,Weak,10,7
2026-01-11 18:00:27,Strong,0,0
2026-01-11 18:00:27,Strong,2,1
2026-01-11 18:00:27,Weak,4,7
2026-01-11 18:00:27,Weak,3,7
2026-01-11 18:00:27,Strong,4,9
2026-01-11 18:00:27,Weak,2,9
2026-01-11 18:00:27,Weak,4,2
2026-01-11 18:00:27,Strong,4,3
2026-01-11 18:00:27,Weak,7,9
2026-01-11 18:00:27,Strong,7,2
2026-01-11 18:00:27,Weak,7,10
2026-01-11 18:00:27,Strong,8,8
2026-01-11 18:00:27,Weak,8,3
2026-01-11 18:00:27,Weak,10,8
2026-01-11 18:00:27,Strong,1,6
2026-01-11 18:00:27,Weak,1,10
2026-01-11 18:00:27,Strong,1,1
2026-01-11 18:00:27,Strong,3,5
2026-01-11 18:00:27,Weak,1,8
2026-01-11 18:00:27,Weak,3,8
2026-01-11 18:00:27,Weak,1,9
2026-01-11 18:00:27,Strong,3,3
2026-01-11 18:00:27,Strong,3,1
2026-01-11 18:00:27,Strong,4,3
2026-01-11 18:00:27,Weak,7,8
2026-01-11 18:00:27,Strong,7,7
2026-01-11 18:00:27,Weak,7,9
2026-01-11 18:00:27,Strong,8,9
2026-01-11 18:00:27,Strong,9,2
2026-01-11 18:00:27,Strong,8,8
2026-01-11 18:00:28,Strong,1,5
2026-01-11 18:00:28,Weak,0,10
2026-01-11 18:00:28,Strong,2,1
2026-01-11 18:00:28,Strong,2,5
2026-01-11 18:00:28,Weak,1,7
2026-01-11 18:00:28,Weak,4,6
2026-01-11 18:00:28,Weak,2,8
2026-01-11 18:00:28,Weak,2,9
2026-01-11 18:00:28,Weak,4,1
2026-01-11 18:00:28,Strong,4,2
2026-01-11 18:00:28,Strong,7,6
2026-01-11 18:00:28,Weak,7,10
2026-01-11 18:00:28,Weak,9,1
2026-01-11 18:00:28,Strong,8,10
2026-01-11 18:00:28,Strong,10,2
2026-01-11 18:00:28,Weak,8,2
2026-01-11 18:00:28,Strong,8,9
2026-01-11 18:00:28,Weak,9,8
2026-01-11 18:00:28,Weak,9,9
2026-01-11 18:00:31,Strong,2,6
2026-01-11 18:00:31,Strong,1,0
2026-01-11 18:00:31,Weak,1,6
2026-01-11 18:00:31,Weak,3,8
2026-01-11 18:00:31,Weak,5,1
2026-01-11 18:00:31,Strong,4,3
2026-01-11 18:00:31,Strong,3,0
2026-01-11 18:00:31,Strong,8,1
2026-01-11 18:00:31,Weak,6,10
2026-01-11 18:00:31,Weak,9,2
2026-01-11 18:00:31,Strong,9,10
2026-01-11 18:00:31,Strong,10,3
2026-01-11 18:00:31,Strong,7,9
2026-01-11 18:00:31,Weak,9,7
2026-01-11 18:00:31,Weak,10,9
2026-01-11 18:00:31,Strong,1,1
2026-01-11 18:00:31,Weak,1,7
2026-01-11 18:00:31,Weak,3,6
2026-01-11 18:00:31,Weak,3,7
2026-01-11 18:00:31,Weak,3,3
2026-01-11 18:00:31,Strong,4,8
2026-01-11 18:00:31,Weak,6,1
2026-01-11 18:00:31,Weak,4,6
2026-01-11 18:00:32,Weak,6,9
2026-01-11 18:00:32,Weak,9,1
2026-01-11 18:00:32,Weak,9,6
2026-01-11 18:00:32,Strong,1,6
2026-01-11 18:00:32,Weak,0,9
2026-01-11 18:00:32,Strong,0,1
2026-01-11 18:00:32,Strong,4,9
2026-01-11 18:00:32,Strong,3,1
2026-01-11 18:00:32,Strong,4,1
2026-01-11 18:00:32,Weak,8,8
2026-01-11 18:00:32,Strong,7,1
2026-01-11 18:00:32,Strong,7,7
2026-01-11 18:00:32,Weak,6,10
2026-01-11 18:00:32,Strong,10,4
2026-01-11 18:00:32,Weak,7,2
2026-01-11 18:00:32,Strong,7,10
2026-01-11 18:00:32,Weak,10,6
2026-01-11 18:00:32,Strong,1,1
2026-01-11 18:00:32,Weak,1,8
2026-01-11 18:00:32,Strong,3,4
2026-01-11 18:00:32,Weak,3,5
2026-01-11 18:00:32,Strong,3,8
2026-01-11 18:00:32,Weak,3,9
2026-01-11 18:00:32,Weak,6,0
2026-01-11 18:00:32,Strong,4,4
2026-01-11 18:00:32,Strong,5,1
2026-01-11 18:00:32,Strong,6,1
2026-01-11 18:00:32,Weak,5,6
2026-01-11 18:00:32,Weak,8,7
2026-01-11 18:00:32,Weak,10,1
2026-01-11 18:00:32,Strong,9,9
2026-01-11 18:00:32,Strong,7,9
2026-01-11 18:00:32,Weak,10,8
2026-01-11 18:00:32,Weak,9,10
2026-01-11 18:00:32,Strong,1,5
2026-01-11 18:00:32,Strong,1,2
2026-01-11 18:00:32,Strong,0,0
2026-01-11 18:00:32,Weak,1,9
2026-01-11 18:00:32,Weak,4,8
2026-01-11 18:00:32,Weak,2,7
2026-01-11 18:00:32,Weak,3,2
2026-01-11 18:00:32,Strong,3,7
2026-01-11 18:00:32,Weak,2,9
2026-01-11 18:00:32,Strong,4,3
2026-01-11 18:00:32,Strong,3,9
2026-01-11 18:00:32,Strong,8,2
2026-01-11 18:00:32,Strong,4,7
2026-01-11 18:00:32,Weak,9,7
2026-01-11 18:00:32,Strong,6,7
2026-01-11 18:00:32,Strong,8,9
2026-01-11 18:00:32,Strong,10,3
2026-01-11 18:00:32,Weak,6,2
2026-01-11 18:00:32,Strong,7,8
2026-01-11 18:00:32,Weak,10,5
2026-01-11 18:00:32,Weak,9,8
2026-01-11 18:00:32,Weak,9,9
2026-01-11 18:00:32,Strong,0,5
2026-01-11 18:00:32,Strong,1,1
2026-01-11 18:00:32,Strong,0,1
2026-01-11 18:00:32,Weak,1,8
2026-01-11 18:00:32,Strong,3,3
2026-01-11 18:00:32,Weak,3,4
2026-01-11 18:00:32,Strong,3,6
2026-01-11 18:00:32,Weak,2,8
2026-01-11 18:00:32,Weak,5,0
2026-01-11 18:00:32,Strong,2,9
2026-01-11 18:00:32,Strong,2,1
2026-01-11 18:00:32,Strong,9,2
2026-01-11 18:00:32,Weak,5,7
2026-01-11 18:00:32,Strong,4,6
2026-01-11 18:00:32,Weak,9,6
2026-01-11 18:00:32,Strong,7,7
2026-01-11 18:00:32,Weak,10,0
2026-01-11 18:00:32,Strong,8,10
2026-01-11 18:00:32,Strong,9,3
2026-01-11 18:00:32,Strong,8,8
2026-01-11 18:00:32,Weak,10,4
2026-01-11 18:00:32,Weak,8,9
2026-01-11 18:08:54,Weak,3,6
2026-01-11 18:08:54,Weak,3,4
2026-01-11 18:08:54,Weak,3,9
2026-01-11 18:08:54,Strong,3,2
2026-01-11 18:08:54,Strong,5,0
2026-01-11 18:08:54,Strong,6,1
2026-01-11 18:08:54,Weak,5,6
2026-01-11 18:08:54,Strong,5,7
2026-01-11 18:08:54,Strong,8,2
2026-01-11 18:08:54,Strong,7,6
2026-01-11 18:08:54,Weak,8,10
2026-01-11 18:08:54,Strong,8,7
2026-01-11 18:08:54,Weak,9,2
2026-01-11 18:08:54,Weak,0,9
2026-01-11 18:08:54,Strong,1,1
2026-01-11 18:08:54,Strong,1,5
2026-01-11 18:08:54,Weak,3,5
2026-01-11 18:08:54,Strong,4,7
2026-01-11 18:08:54,Weak,4,2
2026-01-11 18:08:54,Strong,3,3
2026-01-11 18:08:54,Strong,5,1
2026-01-11 18:08:54,Strong,4,4
2026-01-11 18:08:54,Strong,7,1
2026-01-11 18:08:54,Strong,6,7
2026-01-11 18:08:54,Weak,6,10
2026-01-11 18:08:54,Strong,6,6
2026-01-11 18:08:54,Strong,8,8
2026-01-11 18:08:54,Strong,9,7
2026-01-11 18:08:54,Weak,0,10
2026-01-11 18:08:54,Strong,0,1
2026-01-11 18:08:54,Strong,1,1
2026-01-11 18:08:54,Strong,2,5
2026-01-11 18:08:54,Weak,1,7
2026-01-11 18:08:54,Weak,4,5
2026-01-11 18:08:54,Weak,4,6
2026-01-11 18:08:54,Weak,3,8
2026-01-11 18:08:54,Strong,4,8
2026-01-11 18:08:55,Weak,3,2
2026-01-11 18:08:55,Strong,4,1
2026-01-11 18:08:55,Strong,5,7
2026-01-11 18:08:55,Weak,7,10
2026-01-11 18:08:55,Strong,6,7
2026-01-11 18:08:55,Strong,7,8
2026-01-11 18:08:55,Weak,9,3
2026-01-11 18:08:55,Strong,9,8
2026-01-11 18:08:55,Weak,10,7
2026-01-11 18:08:55,Strong,0,0
2026-01-11 18:08:55,Strong,2,1
2026-01-11 18:08:55,Weak,4,7
2026-01-11 18:08:55,Weak,3,7
2026-01-11 18:08:55,Strong,4,9
2026-01-11 18:08:55,Weak,2,9
2026-01-11 18:08:55,Weak,4,2
2026-01-11 18:08:55,Strong,4,3
2026-01-11 18:08:55,Weak,7,9
2026-01-11 18:08:55,Strong,7,2
2026-01-11 18:08:55,Weak,7,10
2026-01-11 18:08:55,Strong,8,8
2026-01-11 18:08:55,Weak,8,3
2026-01-11 18:08:55,Weak,10,8
2026-01-11 18:08:55,Strong,1,6
2026-01-11 18:08:55,Weak,1,10
2026-01-11 18:08:55,Strong,1,1
2026-01-11 18:08:55,Strong,3,5
2026-01-11 18:08:55,Weak,1,8
2026-01-11 18:08:55,Weak,3,8
2026-01-11 18:08:55,Weak,1,9
2026-01-11 18:08:55,Strong,3,3
2026-01-11 18:08:55,Strong,3,1
2026-01-11 18:08:55,Strong,4,3
2026-01-11 18:08:55,Weak,7,8
2026-01-11 18:08:55,Strong,7,7
2026-01-11 18:08:55,Weak,7,9
2026-01-11 18:08:55,Strong,8,9
2026-01-11 18:08:55,Strong,9,2
2026-01-11 18:08:55,Strong,8,8
2026-01-11 18:08:55,Strong,1,5
2026-01-11 18:08:55,Weak,0,10
2026-01-11 18:08:55,Strong,2,1
2026-01-11 18:08:55,Strong,2,5
2026-01-11 18:08:55,Weak,1,7
2026-01-11 18:08:55,Weak,4,6
2026-01-11 18:08:55,Weak,2,8
2026-01-11 18:08:55,Weak,2,9
2026-01-11 18:08:55,Weak,4,1
2026-01-11 18:08:55,Strong,4,2
2026-01-11 18:08:55,Strong,7,6
2026-01-11 18:08:55,Weak,7,10
2026-01-11 18:08:55,Weak,9,1
2026-01-11 18:08:55,Strong,8,10
2026-01-11 18:08:55,Strong,10,2
2026-01-11 18:08:55,Weak,8,2
2026-01-11 18:08:55,Strong,8,9
2026-01-11 18:08:55,Weak,9,8
2026-01-11 18:08:55,Weak,9,9
2026-01-11 18:09:00,Strong,2,6
2026-01-11 18:09:00,Strong,1,0
2026-01-11 18:09:00,Weak,1,6
2026-01-11 18:09:00,Weak,3,8
2026-01-11 18:09:00,Weak,5,1
2026-01-11 18:09:00,Strong,4,3
2026-01-11 18:09:00,Strong,3,0
2026-01-11 18:09:00,Strong,8,1
2026-01-11 18:09:00,Weak,6,10
2026-01-11 18:09:00,Weak,9,2
2026-01-11 18:09:00,Strong,9,10
2026-01-11 18:09:00,Strong,10,3
2026-01-11 18:09:00,Strong,7,9
2026-01-11 18:09:00,Weak,9,7
2026-01-11 18:09:00,Weak,10,9
2026-01-11 18:09:00,Strong,1,1
2026-01-11 18:09:00,Weak,1,7
2026-01-11 18:09:00,Weak,3,6
2026-01-11 18:09:00,Weak,3,7
2026-01-11 18:09:00,Weak,3,3
2026-01-11 18:09:00,Strong,4,8
2026-01-11 18:09:00,Weak,6,1
2026-01-11 18:09:00,Weak,4,6
2026-01-11 18:09:00,Weak,6,9
2026-01-11 18:09:00,Weak,9,1
2026-01-11 18:09:00,Weak,9,6
2026-01-11 18:09:00,Strong,1,6
2026-01-11 18:09:00,Weak,0,9
2026-01-11 18:09:00,Strong,0,1
2026-01-11 18:09:00,Strong,4,9
2026-01-11 18:09:00,Strong,3,1
2026-01-11 18:09:00,Strong,4,1
2026-01-11 18:09:00,Weak,8,8
2026-01-11 18:09:00,Strong,7,1
2026-01-11 18:09:00,Strong,7,7
2026-01-11 18:09:00,Weak,6,10
2026-01-11 18:09:00,Strong,10,4
2026-01-11 18:09:00,Weak,7,2
2026-01-11 18:09:00,Strong,7,10
2026-01-11 18:09:00,Weak,10,6
2026-01-11 18:09:00,Strong,1,1
2026-01-11 18:09:00,Weak,1,8
2026-01-11 18:09:00,Strong,3,4
2026-01-11 18:09:00,Weak,3,5
2026-01-11 18:09:00,Strong,3,8
2026-01-11 18:09:00,Weak,3,9
2026-01-11 18:09:00,Weak,6,0
2026-01-11 18:09:00,Strong,4,4
2026-01-11 18:09:00,Strong,5,1
2026-01-11 18:09:00,Strong,6,1
2026-01-11 18:09:00,Weak,5,6
2026-01-11 18:09:00,Weak,8,7
2026-01-11 18:09:00,Weak,10,1
2026-01-11 18:09:00,Strong,9,9
2026-01-11 18:09:00,Strong,7,9
2026-01-11 18:09:00,Weak,10,8
2026-01-11 18:09:00,Weak,9,10
2026-01-11 18:09:00,Strong,1,5
2026-01-11 18:09:00,Strong,1,2
2026-01-11 18:09:00,Strong,0,0
2026-01-11 18:09:00,Weak,1,9
2026-01-11 18:09:00,Weak,4,8
2026-01-11 18:09:00,Weak,2,7
2026-01-11 18:09:00,Weak,3,2
2026-01-11 18:09:00,Strong,3,7
2026-01-11 18:09:00,Weak,2,9
2026-01-11 18:09:00,Strong,4,3
2026-01-11 18:09:00,Strong,3,9
2026-01-11 18:09:00,Strong,8,2
2026-01-11 18:09:00,Strong,4,7
2026-01-11 18:09:00,Weak,9,7
2026-01-11 18:09:00,Strong,6,7
2026-01-11 18:09:00,Strong,8,9
2026-01-11 18:09:00,Strong,10,3
2026-01-11 18:09:00,Weak,6,2
2026-01-11 18:09:00,Strong,7,8
2026-01-11 18:09:00,Weak,10,5
2026-01-11 18:09:00,Weak,9,8
2026-01-11 18:09:00,Weak,9,9
2026-01-11 18:09:00,Strong,0,5
2026-01-11 18:09:00,Strong,1,1
2026-01-11 18:09:00,Strong,0,1
2026-01-11 18:09:00,Weak,1,8
2026-01-11 18:09:00,Strong,3,3
2026-01-11 18:09:00,Weak,3,4
2026-01-11 18:09:00,Strong,3,6
2026-01-11 18:09:00,Weak,2,8
2026-01-11 18:09:00,Weak,5,0
2026-01-11 18:09:00,Strong,2,9
2026-01-11 18:09:00,Strong,2,1
2026-01-11 18:09:00,Strong,9,2
2026-01-11 18:09:00,Weak,5,7
2026-01-11 18:09:00,Strong,4,6
2026-01-11 18:09:00,Weak,9,6
2026-01-11 18:09:00,Strong,7,7
2026-01-11 18:09:00,Weak,10,0
2026-01-11 18:09:00,Strong,8,10
2026-01-11 18:09:00,Strong,9,3
2026-01-11 18:09:00,Strong,8,8
2026-01-11 18:09:00,Weak,10,4
2026-01-11 18:09:00,Weak,8,9
2026-01-11 18:09:03,Strong,1,0
2026-01-11 18:09:03,Strong,2,4
2026-01-11 18:09:03,Weak,1,7
2026-01-11 18:09:03,Weak,4,4
2026-01-11 18:09:03,Weak,3,1
2026-01-11 18:09:03,Weak,6,0
2026-01-11 18:09:03,Strong,1,9
2026-01-11 18:09:03,Strong,8,2
2026-01-11 18:09:03,Weak,6,7
2026-01-11 18:09:03,Strong,4,5
2026-01-11 18:09:03,Weak,10,6
2026-01-11 18:09:03,Strong,8,7
2026-01-11 18:09:03,Weak,8,1
2026-01-11 18:09:03,Strong,7,10
2026-01-11 18:09:03,Strong,9,4
2026-01-11 18:09:03,Strong,2,5
2026-01-11 18:09:03,Strong,0,0
2026-01-11 18:09:03,Strong,3,4
2026-01-11 18:09:03,Weak,1,8
2026-01-11 18:09:03,Strong,3,2
2026-01-11 18:09:03,Weak,4,7
2026-01-11 18:09:03,Weak,2,6
2026-01-11 18:09:03,Weak,2,7
2026-01-11 18:09:03,Strong,4,2
2026-01-11 18:09:03,Strong,1,10
2026-01-11 18:09:03,Strong,1,1
2026-01-11 18:09:03,Strong,4,1
2026-01-11 18:09:03,Strong,7,2
2026-01-11 18:09:03,Weak,5,7
2026-01-11 18:09:03,Weak,10,5
2026-01-11 18:09:03,Strong,7,7
2026-01-11 18:09:03,Weak,6,9
2026-01-11 18:09:03,Weak,8,0
2026-01-11 18:09:03,Weak,10,1
2026-01-11 18:09:03,Strong,8,10
2026-01-11 18:09:03,Strong,9,3
2026-01-11 18:09:03,Strong,8,7
2026-01-11 18:09:03,Weak,10,8
2026-01-11 18:09:03,Weak,8,8
2026-01-11 18:09:03,Strong,2,4
2026-01-11 18:09:03,Weak,2,8
2026-01-11 18:09:03,Weak,5,4
2026-01-11 18:09:03,Weak,1,6
2026-01-11 18:09:03,Strong,3,5
2026-01-11 18:09:03,Weak,2,6
2026-01-11 18:09:03,Strong,1,0
2026-01-11 18:09:03,Strong,5,1
2026-01-11 18:09:03,Weak,5,6
2026-01-11 18:09:03,Strong,4,4
2026-01-11 18:09:03,Strong,6,7
2026-01-11 18:09:03,Weak,8,1
2026-01-11 18:09:03,Weak,9,1
2026-01-11 18:09:03,Strong,8,9
2026-01-11 18:09:03,Strong,9,2
2026-01-11 18:09:03,Weak,6,1
2026-01-11 18:09:03,Weak,10,3
2026-01-11 18:09:03,Weak,9,8
2026-01-11 18:09:03,Strong,1,5
2026-01-11 18:09:03,Weak,2,9
2026-01-11 18:09:03,Weak,6,4
2026-01-11 18:09:03,Weak,5,7
2026-01-11 18:09:03,Weak,3,0
2026-01-11 18:09:03,Strong,3,4
2026-01-11 18:09:03,Weak,2,7
2026-01-11 18:09:03,Weak,5,0
2026-01-11 18:09:03,Strong,0,10
2026-01-11 18:09:03,Strong,4,5
2026-01-11 18:09:03,Weak,8,2
2026-01-11 18:09:03,Strong,8,10
2026-01-11 18:09:03,Strong,9,3
2026-01-11 18:09:03,Weak,6,0
2026-01-11 18:09:03,Strong,9,7
2026-01-11 18:09:03,Weak,10,7
2026-01-11 18:09:03,Weak,7,4
2026-01-11 18:09:03,Weak,2,6
2026-01-11 18:09:03,Weak,3,1
2026-01-11 18:09:03,Weak,3,7
2026-01-11 18:09:03,Strong,4,3
2026-01-11 18:09:03,Strong,1,1
2026-01-11 18:09:03,Strong,6,1
2026-01-11 18:09:03,Weak,10,4
2026-01-11 18:09:03,Weak,7,9
2026-01-11 18:09:03,Weak,8,3
2026-01-11 18:09:03,Weak,10,1
2026-01-11 18:09:03,Strong,9,10
2026-01-11 18:09:03,Strong,9,4
2026-01-11 18:09:03,Weak,9,3
2026-01-11 18:09:03,Weak,9,9
2026-01-11 18:09:03,Strong,2,5
2026-01-11 18:09:03,Strong,1,0
2026-01-11 18:09:03,Weak,2,8
2026-01-11 18:09:03,Strong,4,2
2026-01-11 18:09:03,Weak,6,4
2026-01-11 18:09:03,Weak,4,7
2026-01-11 18:09:03,Weak,3,0
2026-01-11 18:09:03,Weak,3,6
2026-01-11 18:09:03,Strong,1,2
2026-01-11 18:09:03,Strong,3,1
2026-01-11 18:09:03,Strong,3,5
2026-01-11 18:09:03,Weak,10,5
2026-01-11 18:09:03,Strong,5,7
2026-01-11 18:09:03,Weak,8,9
2026-01-11 18:09:03,Weak,10,0
2026-01-11 18:09:03,Strong,8,4
2026-01-11 18:09:03,Strong,8,7
2026-01-11 18:09:03,Weak,9,4
2026-01-11 18:09:03,Weak,10,8
2026-01-11 18:09:03,Weak,10,9
2026-01-11 18:09:05,Strong,1,5
2026-01-11 18:09:05,Weak,3,8
2026-01-11 18:09:05,Strong,4,1
2026-01-11 18:09:05,Weak,3,7
2026-01-11 18:09:05,Weak,1,6
2026-01-11 18:09:05,Strong,4,4
2026-01-11 18:09:05,Strong,3,3
2026-01-11 18:09:05,Strong,1,10
2026-01-11 18:09:05,Strong,4,5
2026-01-11 18:09:05,Weak,10,4
2026-01-11 18:09:05,Weak,7,9
2026-01-11 18:09:05,Weak,8,2
2026-01-11 18:09:05,Strong,10,10
2026-01-11 18:09:05,Strong,8,3
2026-01-11 18:09:05,Strong,8,8
2026-01-11 18:09:05,Weak,10,7
2026-01-11 18:09:05,Strong,2,5
2026-01-11 18:09:05,Strong,1,1
2026-01-11 18:09:05,Strong,3,4
2026-01-11 18:09:05,Weak,4,8
2026-01-11 18:09:05,Strong,4,2
2026-01-11 18:09:05,Weak,5,4
2026-01-11 18:09:05,Weak,2,7
2026-01-11 18:09:05,Weak,1,7
2026-01-11 18:09:05,Weak,3,5
2026-01-11 18:09:05,Strong,6,2
2026-01-11 18:09:05,Strong,4,6
2026-01-11 18:09:05,Weak,10,5
2026-01-11 18:09:05,Weak,8,9
2026-01-11 18:09:05,Weak,7,2
2026-01-11 18:09:05,Strong,9,10
2026-01-11 18:09:05,Strong,8,2
2026-01-11 18:09:05,Weak,10,10
2026-01-11 18:09:05,Strong,2,4
2026-01-11 18:09:05,Strong,1,0
2026-01-11 18:09:05,Strong,0,0
2026-01-11 18:09:05,Weak,3,8
2026-01-11 18:09:05,Strong,3,2
2026-01-11 18:09:05,Weak,3,7
2026-01-11 18:09:05,Weak,1,8
2026-01-11 18:09:05,Strong,4,5
2026-01-11 18:09:05,Weak,2,5
2026-01-11 18:09:05,Weak,10,4
2026-01-11 18:09:05,Strong,6,7
2026-01-11 18:09:05,Strong,8,10
2026-01-11 18:09:05,Weak,9,7
2026-01-11 18:09:05,Strong,1,5
2026-01-11 18:09:05,Weak,3,6
2026-01-11 18:09:05,Weak,1,9
2026-01-11 18:09:05,Strong,4,4
2026-01-11 18:09:05,Weak,3,5
2026-01-11 18:09:05,Strong,4,3
2026-01-11 18:09:05,Strong,0,10
2026-01-11 18:09:05,Strong,1,1
2026-01-11 18:09:05,Strong,4,1
2026-01-11 18:09:05,Weak,5,7
2026-01-11 18:09:05,Strong,6,6
2026-01-11 18:09:05,Strong,7,8
2026-01-11 18:09:05,Weak,10,7
2026-01-11 18:09:05,Strong,1,6
2026-01-11 18:09:05,Strong,2,5
2026-01-11 18:09:05,Strong,0,1
2026-01-11 18:09:05,Strong,2,4
2026-01-11 18:09:05,Weak,3,7
2026-01-11 18:09:05,Strong,3,1
2026-01-11 18:09:05,Weak,1,10
2026-01-11 18:09:05,Weak,4,5
2026-01-11 18:09:05,Strong,2,1
2026-01-11 18:09:05,Strong,6,7
2026-01-11 18:09:05,Weak,9,9
2026-01-11 18:09:05,Strong,9,10
2026-01-11 18:09:05,Strong,8,1
2026-01-11 18:09:05,Strong,7,7
2026-01-11 18:09:05,Weak,10,8
2026-01-11 18:09:05,Strong,2,6
2026-01-11 18:09:05,Strong,1,5
2026-01-11 18:09:05,Strong,1,1
2026-01-11 18:09:05,Strong,3,2
2026-01-11 18:09:05,Weak,3,5
2026-01-11 18:09:05,Weak,1,9
2026-01-11 18:09:05,Strong,4,2
2026-01-11 18:09:05,Strong,3,1
2026-01-11 18:09:05,Weak,5,8
2026-01-11 18:09:05,Weak,5,7
2026-01-11 18:09:05,Strong,3,6
2026-01-11 18:09:05,Weak,10,9
2026-01-11 18:09:05,Strong,8,10
2026-01-11 18:09:05,Strong,8,2
2026-01-11 18:09:05,Weak,10,7
2026-01-11 18:09:10,Strong,1,6
2026-01-11 18:09:10,Strong,2,5
2026-01-11 18:09:10,Strong,0,0
2026-01-11 18:09:10,Weak,2,7
2026-01-11 18:09:10,Weak,6,4
2026-01-11 18:09:10,Weak,3,4
2026-01-11 18:09:10,Weak,2,9
2026-01-11 18:09:10,Strong,4,3
2026-01-11 18:09:10,Strong,1,10
2026-01-11 18:09:10,Weak,5,6
2026-01-11 18:09:10,Strong,3,7
2026-01-11 18:09:10,Weak,9,9
2026-01-11 18:09:10,Strong,8,3
2026-01-11 18:09:10,Weak,8,4
2026-01-11 18:09:10,Weak,9,7
2026-01-11 18:09:10,Weak,9,10
2026-01-11 18:09:10,Strong,2,6
2026-01-11 18:09:10,Strong,3,5
2026-01-11 18:09:10,Weak,1,9
2026-01-11 18:09:10,Strong,0,1
2026-01-11 18:09:10,Strong,4,2
2026-01-11 18:09:10,Weak,3,9
2026-01-11 18:09:10,Weak,5,1
2026-01-11 18:09:10,Strong,3,2
2026-01-11 18:09:10,Strong,4,7
2026-01-11 18:09:10,Weak,10,3
2026-01-11 18:09:10,Strong,5,7
2026-01-11 18:09:10,Weak,8,2
2026-01-11 18:09:10,Strong,9,3
2026-01-11 18:09:10,Strong,8,7
2026-01-11 18:09:10,Weak,8,5
2026-01-11 18:09:10,Weak,9,6
2026-01-11 18:09:10,Weak,10,10
2026-01-11 18:09:10,Strong,2,5
2026-01-11 18:09:10,Weak,2,9
2026-01-11 18:09:10,Weak,3,7
2026-01-11 18:09:10,Strong,4,1
2026-01-11 18:09:10,Weak,5,4
2026-01-11 18:09:10,Weak,4,9
2026-01-11 18:09:10,Weak,3,1
2026-01-11 18:09:10,Strong,0,10
2026-01-11 18:09:10,Strong,4,2
2026-01-11 18:09:10,Weak,4,8
2026-01-11 18:09:10,Weak,6,6
2026-01-11 18:09:10,Weak,10,2
2026-01-11 18:09:10,Strong,8,1
2026-01-11 18:09:10,Weak,10,9
2026-01-11 18:09:10,Weak,7,2
2026-01-11 18:09:10,Strong,7,10
2026-01-11 18:09:10,Strong,9,4
2026-01-11 18:09:10,Strong,8,8
2026-01-11 18:09:10,Weak,9,7
2026-01-11 18:09:10,Strong,1,5
2026-01-11 18:09:10,Strong,1,2
2026-01-11 18:09:10,Weak,6,4
2026-01-11 18:09:10,Strong,1,1
2026-01-11 18:09:10,Weak,5,8
2026-01-11 18:09:10,Weak,5,6
2026-01-11 18:09:10,Weak,10,1
2026-01-11 18:09:10,Strong,7,1
2026-01-11 18:09:10,Strong,6,7
2026-01-11 18:09:10,Weak,8,2
2026-01-11 18:09:10,Strong,10,4
2026-01-11 18:09:10,Strong,9,8
2026-01-11 18:09:10,Weak,10,7
2026-01-11 18:09:10,Strong,2,5
2026-01-11 18:09:10,Weak,1,9
2026-01-11 18:09:10,Strong,0,0
2026-01-11 18:09:10,Weak,5,4
2026-01-11 18:09:10,Weak,4,8
2026-01-11 18:09:10,Weak,5,0
2026-01-11 18:09:10,Strong,1,0
2026-01-11 18:09:10,Strong,5,1
2026-01-11 18:09:10,Strong,5,7
2026-01-11 18:09:10,Weak,9,1
2026-01-11 18:09:10,Strong,6,6
2026-01-11 18:09:10,Weak,7,2
2026-01-11 18:09:10,Strong,8,10
2026-01-11 18:09:10,Strong,10,5
2026-01-11 18:09:10,Strong,10,8
2026-01-11 18:09:11,Weak,8,6
2026-01-11 18:09:11,Weak,9,7
2026-01-11 18:09:11,Weak,9,10
2026-01-11 18:09:11,Weak,2,9
2026-01-11 18:09:11,Weak,3,8
2026-01-11 18:09:11,Weak,3,2
2026-01-11 18:09:11,Strong,0,9
2026-01-11 18:09:11,Weak,4,6
2026-01-11 18:09:11,Strong,7,6
2026-01-11 18:09:11,Weak,9,9
2026-01-11 18:09:11,Weak,10,1
2026-01-11 18:09:11,Strong,10,4
2026-01-11 18:09:11,Strong,9,8
2026-01-11 18:09:11,Weak,9,6
2026-01-11 18:09:11,Weak,10,7
2026-01-11 18:09:13,Weak,3,9
2026-01-11 18:09:13,Weak,3,6
2026-01-11 18:09:13,Strong,5,6
2026-01-11 18:09:13,Strong,7,7
2026-01-11 18:09:13,Weak,8,9
2026-01-11 18:09:13,Weak,10,2
2026-01-11 18:09:13,Strong,10,3
2026-01-11 18:09:13,Strong,10,8
2026-01-11 18:09:13,Weak,8,6
2026-01-11 18:09:13,Strong,1,5
2026-01-11 18:09:13,Strong,2,5
2026-01-11 18:09:13,Strong,0,1
2026-01-11 18:09:13,Strong,1,1
2026-01-11 18:09:13,Strong,3,1
2026-01-11 18:09:13,Weak,6,4
2026-01-11 18:09:13,Weak,3,3
2026-01-11 18:09:13,Strong,5,4
2026-01-11 18:09:13,Weak,4,6
2026-01-11 18:09:13,Weak,2,6
2026-01-11 18:09:13,Strong,8,1
2026-01-11 18:09:13,Strong,7,6
2026-01-11 18:09:13,Weak,7,9
2026-01-11 18:09:13,Weak,7,1
2026-01-11 18:09:13,Strong,10,4
2026-01-11 18:09:13,Weak,6,1
2026-01-11 18:09:13,Strong,9,8
2026-01-11 18:09:13,Weak,9,7
2026-01-11 18:09:13,Strong,2,1
2026-01-11 18:09:13,Weak,6,5
2026-01-11 18:09:13,Weak,3,5
2026-01-11 18:09:13,Weak,4,5
2026-01-11 18:09:13,Weak,2,7
2026-01-11 18:09:13,Strong,5,7
2026-01-11 18:09:13,Weak,7,8
2026-01-11 18:09:13,Weak,10,3
2026-01-11 18:09:13,Strong,10,5
2026-01-11 18:09:13,Strong,10,8
2026-01-11 18:09:13,Weak,8,5
2026-01-11 18:09:13,Weak,9,8
2026-01-11 18:09:13,Strong,2,6
2026-01-11 18:09:13,Strong,0,0
2026-01-11 18:09:13,Strong,3,4
2026-01-11 18:09:13,Weak,3,7
2026-01-11 18:09:13,Weak,6,6
2026-01-11 18:09:13,Weak,4,7
2026-01-11 18:09:13,Weak,3,2
2026-01-11 18:09:13,Strong,4,4
2026-01-11 18:09:13,Strong,1,9
2026-01-11 18:09:13,Strong,7,2
2026-01-11 18:09:13,Weak,1,7
2026-01-11 18:09:13,Strong,6,7
2026-01-11 18:09:13,Weak,9,2
2026-01-11 18:09:13,Strong,8,2
2026-01-11 18:09:13,Strong,7,7
2026-01-11 18:09:13,Weak,7,9
2026-01-11 18:09:13,Weak,6,2
2026-01-11 18:09:13,Strong,10,9
2026-01-11 18:09:13,Weak,8,4
2026-01-11 18:09:13,Weak,9,7
2026-01-11 18:09:13,Strong,2,5
2026-01-11 18:09:13,Strong,3,6
2026-01-11 18:09:13,Strong,0,1
2026-01-11 18:09:13,Weak,2,7
2026-01-11 18:09:13,Strong,4,1
2026-01-11 18:09:13,Weak,7,6
2026-01-11 18:09:13,Weak,4,6
2026-01-11 18:09:13,Weak,3,3
2026-01-11 18:09:13,Strong,1,8
2026-01-11 18:09:13,Strong,0,0
2026-01-11 18:09:13,Strong,3,2
2026-01-11 18:09:13,Strong,6,6
2026-01-11 18:09:13,Strong,8,7
2026-01-11 18:09:13,Weak,7,10
2026-01-11 18:09:13,Weak,6,1
2026-01-11 18:09:13,Weak,10,4
2026-01-11 18:09:13,Strong,9,9
2026-01-11 18:09:13,Weak,7,4
2026-01-11 18:09:13,Weak,10,7
2026-01-11 18:09:13,Strong,1,5
2026-01-11 18:09:13,Strong,3,7
2026-01-11 18:09:13,Weak,4,9
2026-01-11 18:09:13,Strong,3,1
2026-01-11 18:09:13,Weak,8,6
2026-01-11 18:09:13,Weak,3,6
2026-01-11 18:09:13,Weak,4,7
2026-01-11 18:09:13,Strong,1,9
2026-01-11 18:09:13,Strong,4,2
2026-01-11 18:09:13,Strong,7,1
2026-01-11 18:09:13,Strong,6,5
2026-01-11 18:09:13,Weak,9,3
2026-01-11 18:09:13,Strong,8,1
2026-01-11 18:09:13,Strong,7,7
2026-01-11 18:09:13,Strong,8,9
2026-01-11 18:09:13,Weak,7,2
2026-01-11 18:09:13,Weak,10,6
2026-01-11 18:10:35,Weak,3,6
2026-01-11 18:10:35,Weak,3,4
2026-01-11 18:10:35,Weak,3,9
2026-01-11 18:10:35,Strong,3,2
2026-01-11 18:10:35,Strong,5,0
2026-01-11 18:10:35,Strong,6,1
2026-01-11 18:10:35,Weak,5,6
2026-01-11 18:10:35,Strong,5,7
2026-01-11 18:10:35,Strong,8,2
2026-01-11 18:10:35,Strong,7,6
2026-01-11 18:10:35,Weak,8,10
2026-01-11 18:10:35,Strong,8,7
2026-01-11 18:10:35,Weak,9,2
2026-01-11 18:10:35,Weak,0,9
2026-01-11 18:10:35,Strong,1,1
2026-01-11 18:10:35,Strong,1,5
2026-01-11 18:10:35,Weak,3,5
2026-01-11 18:10:35,Strong,4,7
2026-01-11 18:10:35,Weak,4,2
2026-01-11 18:10:35,Strong,3,3
2026-01-11 18:10:35,Strong,5,1
2026-01-11 18:10:35,Strong,4,4
2026-01-11 18:10:35,Strong,7,1
2026-01-11 18:10:35,Strong,6,7
2026-01-11 18:10:35,Weak,6,10
2026-01-11 18:10:35,Strong,6,6
2026-01-11 18:10:35,Strong,8,8
2026-01-11 18:10:35,Strong,9,7
2026-01-11 18:10:35,Weak,0,10
2026-01-11 18:10:35,Strong,0,1
2026-01-11 18:10:35,Strong,1,1
2026-01-11 18:10:35,Strong,2,5
2026-01-11 18:10:35,Weak,1,7
2026-01-11 18:10:35,Weak,4,5
2026-01-11 18:10:35,Weak,4,6
2026-01-11 18:10:35,Weak,3,8
2026-01-11 18:10:35,Strong,4,8
2026-01-11 18:10:35,Weak,3,2
2026-01-11 18:10:36,Strong,4,1
2026-01-11 18:10:36,Strong,5,7
2026-01-11 18:10:36,Weak,7,10
2026-01-11 18:10:36,Strong,6,7
2026-01-11 18:10:36,Strong,7,8
2026-01-11 18:10:36,Weak,9,3
2026-01-11 18:10:36,Strong,9,8
2026-01-11 18:10:36,Weak,10,7
2026-01-11 18:10:36,Strong,0,0
2026-01-11 18:10:36,Strong,2,1
2026-01-11 18:10:36,Weak,4,7
2026-01-11 18:10:36,Weak,3,7
2026-01-11 18:10:36,Strong,4,9
2026-01-11 18:10:36,Weak,2,9
2026-01-11 18:10:36,Weak,4,2
2026-01-11 18:10:36,Strong,4,3
2026-01-11 18:10:36,Weak,7,9
2026-01-11 18:10:36,Strong,7,2
2026-01-11 18:10:36,Weak,7,10
2026-01-11 18:10:36,Strong,8,8
2026-01-11 18:10:36,Weak,8,3
2026-01-11 18:10:36,Weak,10,8
2026-01-11 18:10:36,Strong,1,6
2026-01-11 18:10:36,Weak,1,10
2026-01-11 18:10:36,Strong,1,1
2026-01-11 18:10:36,Strong,3,5
2026-01-11 18:10:36,Weak,1,8
2026-01-11 18:10:36,Weak,3,8
2026-01-11 18:10:36,Weak,1,9
2026-01-11 18:10:36,Strong,3,3
2026-01-11 18:10:36,Strong,3,1
2026-01-11 18:10:36,Strong,4,3
2026-01-11 18:10:36,Weak,7,8
2026-01-11 18:10:36,Strong,7,7
2026-01-11 18:10:36,Weak,7,9
2026-01-11 18:10:36,Strong,8,9
2026-01-11 18:10:36,Strong,9,2
2026-01-11 18:10:36,Strong,8,8
2026-01-11 18:10:36,Strong,1,5
2026-01-11 18:10:36,Weak,0,10
2026-01-11 18:10:36,Strong,2,1
2026-01-11 18:10:36,Strong,2,5
2026-01-11 18:10:36,Weak,1,7
2026-01-11 18:10:36,Weak,4,6
2026-01-11 18:10:36,Weak,2,8
2026-01-11 18:10:36,Weak,2,9
2026-01-11 18:10:36,Weak,4,1
2026-01-11 18:10:36,Strong,4,2
2026-01-11 18:10:36,Strong,7,6
2026-01-11 18:10:36,Weak,7,10
2026-01-11 18:10:36,Weak,9,1
2026-01-11 18:10:36,Strong,8,10
2026-01-11 18:10:36,Strong,10,2
2026-01-11 18:10:36,Weak,8,2
2026-01-11 18:10:36,Strong,8,9
2026-01-11 18:10:36,Weak,9,8
2026-01-11 18:10:36,Weak,9,9
2026-01-11 18:10:43,Strong,2,6
2026-01-11 18:10:43,Strong,1,0
2026-01-11 18:10:43,Weak,1,6
2026-01-11 18:10:43,Weak,3,8
2026-01-11 18:10:43,Weak,5,1
2026-01-11 18:10:43,Strong,4,3
2026-01-11 18:10:43,Strong,3,0
2026-01-11 18:10:43,Strong,8,1
2026-01-11 18:10:43,Weak,6,10
2026-01-11 18:10:43,Weak,9,2
2026-01-11 18:10:43,Strong,9,10
2026-01-11 18:10:43,Strong,10,3
2026-01-11 18:10:43,Strong,7,9
2026-01-11 18:10:43,Weak,9,7
2026-01-11 18:10:43,Weak,10,9
2026-01-11 18:10:43,Strong,1,1
2026-01-11 18:10:43,Weak,1,7
2026-01-11 18:10:43,Weak,3,6
2026-01-11 18:10:43,Weak,3,7
2026-01-11 18:10:43,Weak,3,3
2026-01-11 18:10:43,Strong,4,8
2026-01-11 18:10:43,Weak,6,1
2026-01-11 18:10:43,Weak,4,6
2026-01-11 18:10:43,Weak,6,9
2026-01-11 18:10:43,Weak,9,1
2026-01-11 18:10:43,Weak,9,6
2026-01-11 18:10:43,Strong,1,6
2026-01-11 18:10:43,Weak,0,9
2026-01-11 18:10:43,Strong,0,1
2026-01-11 18:10:43,Strong,4,9
2026-01-11 18:10:43,Strong,3,1
2026-01-11 18:10:43,Strong,4,1
2026-01-11 18:10:43,Weak,8,8
2026-01-11 18:10:43,Strong,7,1
2026-01-11 18:10:43,Strong,7,7
2026-01-11 18:10:43,Weak,6,10
2026-01-11 18:10:43,Strong,10,4
2026-01-11 18:10:43,Weak,7,2
2026-01-11 18:10:43,Strong,7,10
2026-01-11 18:10:43,Weak,10,6
2026-01-11 18:10:43,Strong,1,1
2026-01-11 18:10:43,Weak,1,8
2026-01-11 18:10:43,Strong,3,4
2026-01-11 18:10:43,Weak,3,5
2026-01-11 18:10:43,Strong,3,8
2026-01-11 18:10:43,Weak,3,9
2026-01-11 18:10:43,Weak,6,0
2026-01-11 18:10:43,Strong,4,4
2026-01-11 18:10:43,Strong,5,1
2026-01-11 18:10:43,Strong,6,1
2026-01-11 18:10:43,Weak,5,6
2026-01-11 18:10:43,Weak,8,7
2026-01-11 18:10:43,Weak,10,1
2026-01-11 18:10:43,Strong,9,9
2026-01-11 18:10:43,Strong,7,9
2026-01-11 18:10:43,Weak,10,8
2026-01-11 18:10:43,Weak,9,10
2026-01-11 18:10:43,Strong,1,5
2026-01-11 18:10:43,Strong,1,2
2026-01-11 18:10:43,Strong,0,0
2026-01-11 18:10:43,Weak,1,9
2026-01-11 18:10:43,Weak,4,8
2026-01-11 18:10:43,Weak,2,7
2026-01-11 18:10:43,Weak,3,2
2026-01-11 18:10:43,Strong,3,7
2026-01-11 18:10:43,Weak,2,9
2026-01-11 18:10:43,Strong,4,3
2026-01-11 18:10:43,Strong,3,9
2026-01-11 18:10:43,Strong,8,2
2026-01-11 18:10:43,Strong,4,7
2026-01-11 18:10:43,Weak,9,7
2026-01-11 18:10:43,Strong,6,7
2026-01-11 18:10:43,Strong,8,9
2026-01-11 18:10:43,Strong,10,3
2026-01-11 18:10:43,Weak,6,2
2026-01-11 18:10:43,Strong,7,8
2026-01-11 18:10:43,Weak,10,5
2026-01-11 18:10:43,Weak,9,8
2026-01-11 18:10:43,Weak,9,9
2026-01-11 18:10:43,Strong,0,5
2026-01-11 18:10:43,Strong,1,1
2026-01-11 18:10:43,Strong,0,1
2026-01-11 18:10:43,Weak,1,8
2026-01-11 18:10:43,Strong,3,3
2026-01-11 18:10:43,Weak,3,4
2026-01-11 18:10:43,Strong,3,6
2026-01-11 18:10:43,Weak,2,8
2026-01-11 18:10:43,Weak,5,0
2026-01-11 18:10:43,Strong,2,9
2026-01-11 18:10:43,Strong,2,1
2026-01-11 18:10:43,Strong,9,2
2026-01-11 18:10:43,Weak,5,7
2026-01-11 18:10:43,Strong,4,6
2026-01-11 18:10:43,Weak,9,6
2026-01-11 18:10:43,Strong,7,7
2026-01-11 18:10:43,Weak,10,0
2026-01-11 18:10:43,Strong,8,10
2026-01-11 18:10:43,Strong,9,3
2026-01-11 18:10:43,Strong,8,8
2026-01-11 18:10:43,Weak,10,4
2026-01-11 18:10:43,Weak,8,9
2026-01-11 18:10:46,Strong,1,0
2026-01-11 18:10:46,Strong,2,4
2026-01-11 18:10:46,Weak,1,7
2026-01-11 18:10:46,Weak,4,4
2026-01-11 18:10:46,Weak,3,1
2026-01-11 18:10:46,Weak,6,0
2026-01-11 18:10:46,Strong,1,9
2026-01-11 18:10:46,Strong,8,2
2026-01-11 18:10:46,Weak,6,7
2026-01-11 18:10:46,Strong,4,5
2026-01-11 18:10:46,Weak,10,6
2026-01-11 18:10:46,Strong,8,7
2026-01-11 18:10:46,Weak,8,1
2026-01-11 18:10:46,Strong,7,10
2026-01-11 18:10:46,Strong,9,4
2026-01-11 18:10:46,Strong,2,5
2026-01-11 18:10:46,Strong,0,0
2026-01-11 18:10:46,Strong,3,4
2026-01-11 18:10:46,Weak,1,8
2026-01-11 18:10:46,Strong,3,2
2026-01-11 18:10:46,Weak,4,7
2026-01-11 18:10:46,Weak,2,6
2026-01-11 18:10:46,Weak,2,7
2026-01-11 18:10:46,Strong,4,2
2026-01-11 18:10:46,Strong,1,10
2026-01-11 18:10:46,Strong,1,1
2026-01-11 18:10:46,Strong,4,1
2026-01-11 18:10:46,Strong,7,2
2026-01-11 18:10:46,Weak,5,7
2026-01-11 18:10:46,Weak,10,5
2026-01-11 18:10:46,Strong,7,7
2026-01-11 18:10:46,Weak,6,9
2026-01-11 18:10:46,Weak,8,0
2026-01-11 18:10:46,Weak,10,1
2026-01-11 18:10:46,Strong,8,10
2026-01-11 18:10:46,Strong,9,3
2026-01-11 18:10:46,Strong,8,7
2026-01-11 18:10:46,Weak,10,8
2026-01-11 18:10:46,Weak,8,8
2026-01-11 18:10:46,Strong,2,4
2026-01-11 18:10:46,Weak,2,8
2026-01-11 18:10:46,Weak,5,4
2026-01-11 18:10:46,Weak,1,6
2026-01-11 18:10:46,Strong,3,5
2026-01-11 18:10:46,Weak,2,6
2026-01-11 18:10:46,Strong,1,0
2026-01-11 18:10:46,Strong,5,1
2026-01-11 18:10:46,Weak,5,6
2026-01-11 18:10:46,Strong,4,4
2026-01-11 18:10:46,Strong,6,7
2026-01-11 18:10:46,Weak,8,1
2026-01-11 18:10:46,Weak,9,1
2026-01-11 18:10:46,Strong,8,9
2026-01-11 18:10:46,Strong,9,2
2026-01-11 18:10:46,Weak,6,1
2026-01-11 18:10:46,Weak,10,3
2026-01-11 18:10:46,Weak,9,8
2026-01-11 18:10:46,Strong,1,5
2026-01-11 18:10:46,Weak,2,9
2026-01-11 18:10:46,Weak,6,4
2026-01-11 18:10:46,Weak,5,7
2026-01-11 18:10:46,Weak,3,0
2026-01-11 18:10:46,Strong,3,4
2026-01-11 18:10:46,Weak,2,7
2026-01-11 18:10:46,Weak,5,0
2026-01-11 18:10:46,Strong,0,10
2026-01-11 18:10:46,Strong,4,5
2026-01-11 18:10:46,Weak,8,2
2026-01-11 18:10:46,Strong,8,10
2026-01-11 18:10:46,Strong,9,3
2026-01-11 18:10:46,Weak,6,0
2026-01-11 18:10:46,Strong,9,7
2026-01-11 18:10:46,Weak,10,7
2026-01-11 18:10:46,Weak,7,4
2026-01-11 18:10:46,Weak,2,6
2026-01-11 18:10:46,Weak,3,1
2026-01-11 18:10:46,Weak,3,7
2026-01-11 18:10:46,Strong,4,3
2026-01-11 18:10:46,Strong,1,1
2026-01-11 18:10:46,Strong,6,1
2026-01-11 18:10:46,Weak,10,4
2026-01-11 18:10:46,Weak,7,9
2026-01-11 18:10:46,Weak,8,3
2026-01-11 18:10:46,Weak,10,1
2026-01-11 18:10:46,Strong,9,10
2026-01-11 18:10:46,Strong,9,4
2026-01-11 18:10:46,Weak,9,3
2026-01-11 18:10:46,Weak,9,9
2026-01-11 18:10:46,Strong,2,5
2026-01-11 18:10:46,Strong,1,0
2026-01-11 18:10:46,Weak,2,8
2026-01-11 18:10:46,Strong,4,2
2026-01-11 18:10:46,Weak,6,4
2026-01-11 18:10:46,Weak,4,7
2026-01-11 18:10:46,Weak,3,0
2026-01-11 18:10:46,Weak,3,6
2026-01-11 18:10:46,Strong,1,2
2026-01-11 18:10:46,Strong,3,1
2026-01-11 18:10:46,Strong,3,5
2026-01-11 18:10:46,Weak,10,5
2026-01-11 18:10:46,Strong,5,7
2026-01-11 18:10:46,Weak,8,9
2026-01-11 18:10:46,Weak,10,0
2026-01-11 18:10:46,Strong,8,4
2026-01-11 18:10:46,Strong,8,7
2026-01-11 18:10:47,Weak,9,4
2026-01-11 18:10:47,Weak,10,8
2026-01-11 18:10:47,Weak,10,9
2026-01-11 20:19:21,Weak,3,6
2026-01-11 20:19:21,Weak,3,4
2026-01-11 20:19:21,Weak,3,9
2026-01-11 20:19:21,Strong,3,2
2026-01-11 20:19:21,Strong,5,0
2026-01-11 20:19:21,Strong,6,1
2026-01-11 20:19:21,Weak,5,6
2026-01-11 20:19:21,Strong,5,7
2026-01-11 20:19:21,Strong,8,2
2026-01-11 20:19:21,Strong,7,6
2026-01-11 20:19:21,Weak,8,10
2026-01-11 20:19:21,Strong,8,7
2026-01-11 20:19:21,Weak,9,2
2026-01-11 20:19:21,Weak,0,9
2026-01-11 20:19:21,Strong,1,1
2026-01-11 20:19:21,Strong,1,5
2026-01-11 20:19:21,Weak,3,5
2026-01-11 20:19:21,Strong,4,7
2026-01-11 20:19:21,Weak,4,2
2026-01-11 20:19:21,Strong,3,3
2026-01-11 20:19:21,Strong,5,1
2026-01-11 20:19:21,Strong,4,4
2026-01-11 20:19:21,Strong,7,1
2026-01-11 20:19:21,Strong,6,7
2026-01-11 20:19:21,Weak,6,10
2026-01-11 20:19:21,Strong,6,6
2026-01-11 20:19:21,Strong,8,8
2026-01-11 20:19:21,Strong,9,7
2026-01-11 20:19:21,Weak,0,10
2026-01-11 20:19:21,Strong,0,1
2026-01-11 20:19:21,Strong,1,1
2026-01-11 20:19:21,Strong,2,5
2026-01-11 20:19:21,Weak,1,7
2026-01-11 20:19:21,Weak,4,5
2026-01-11 20:19:21,Weak,4,6
2026-01-11 20:19:21,Weak,3,8
2026-01-11 20:19:21,Strong,4,8
2026-01-11 20:19:21,Weak,3,2
2026-01-11 20:19:21,Strong,4,1
2026-01-11 20:19:21,Strong,5,7
2026-01-11 20:19:21,Weak,7,10
2026-01-11 20:19:21,Strong,6,7
2026-01-11 20:19:21,Strong,7,8
2026-01-11 20:19:21,Weak,9,3
2026-01-11 20:19:21,Strong,9,8
2026-01-11 20:19:21,Weak,10,7
2026-01-11 20:19:21,Strong,0,0
2026-01-11 20:19:21,Strong,2,1
2026-01-11 20:19:21,Weak,4,7
2026-01-11 20:19:21,Weak,3,7
2026-01-11 20:19:21,Strong,4,9
2026-01-11 20:19:21,Weak,2,9
2026-01-11 20:19:21,Weak,4,2
2026-01-11 20:19:21,Strong,4,3
2026-01-11 20:19:21,Weak,7,9
2026-01-11 20:19:21,Strong,7,2
2026-01-11 20:19:21,Weak,7,10
2026-01-11 20:19:21,Strong,8,8
2026-01-11 20:19:21,Weak,8,3
2026-01-11 20:19:21,Weak,10,8
2026-01-11 20:19:21,Strong,1,6
2026-01-11 20:19:21,Weak,1,10
2026-01-11 20:19:21,Strong,1,1
2026-01-11 20:19:21,Strong,3,5
2026-01-11 20:19:21,Weak,1,8
2026-01-11 20:19:21,Weak,3,8
2026-01-11 20:19:21,Weak,1,9
2026-01-11 20:19:21,Strong,3,3
2026-01-11 20:19:21,Strong,3,1
2026-01-11 20:19:21,Strong,4,3
2026-01-11 20:19:21,Weak,7,8
2026-01-11 20:19:21,Strong,7,7
2026-01-11 20:19:21,Weak,7,9
2026-01-11 20:19:21,Strong,8,9
2026-01-11 20:19:21,Strong,9,2
2026-01-11 20:19:21,Strong,8,8
2026-01-11 20:19:21,Strong,1,5
2026-01-11 20:19:21,Weak,0,10
2026-01-11 20:19:21,Strong,2,1
2026-01-11 20:19:21,Strong,2,5
2026-01-11 20:19:21,Weak,1,7
2026-01-11 20:19:21,Weak,4,6
2026-01-11 20:19:21,Weak,2,8
2026-01-11 20:19:21,Weak,2,9
2026-01-11 20:19:21,Weak,4,1
2026-01-11 20:19:21,Strong,4,2
2026-01-11 20:19:21,Strong,7,6
2026-01-11 20:19:21,Weak,7,10
2026-01-11 20:19:21,Weak,9,1
2026-01-11 20:19:21,Strong,8,10
2026-01-11 20:19:21,Strong,10,2
2026-01-11 20:19:21,Weak,8,2
2026-01-11 20:19:21,Strong,8,9
2026-01-11 20:19:21,Weak,9,8
2026-01-11 20:19:21,Weak,9,9
2026-01-11 20:19:37,Strong,2,6
2026-01-11 20:19:37,Strong,1,0
2026-01-11 20:19:37,Weak,1,6
2026-01-11 20:19:37,Weak,3,8
2026-01-11 20:19:37,Weak,5,1
2026-01-11 20:19:37,Strong,4,3
2026-01-11 20:19:37,Strong,3,0
2026-01-11 20:19:37,Strong,8,1
2026-01-11 20:19:37,Weak,6,10
2026-01-11 20:19:37,Weak,9,2
2026-01-11 20:19:37,Strong,9,10
2026-01-11 20:19:37,Strong,10,3
2026-01-11 20:19:37,Strong,7,9
2026-01-11 20:19:37,Weak,9,7
2026-01-11 20:19:37,Weak,10,9
2026-01-11 20:19:37,Strong,1,1
2026-01-11 20:19:37,Weak,1,7
2026-01-11 20:19:37,Weak,3,6
2026-01-11 20:19:37,Weak,3,7
2026-01-11 20:19:37,Weak,3,3
2026-01-11 20:19:37,Strong,4,8
2026-01-11 20:19:37,Weak,6,1
2026-01-11 20:19:37,Weak,4,6
2026-01-11 20:19:37,Weak,6,9
2026-01-11 20:19:37,Weak,9,1
2026-01-11 20:19:37,Weak,9,6
2026-01-11 20:19:37,Strong,1,6
2026-01-11 20:19:37,Weak,0,9
2026-01-11 20:19:37,Strong,0,1
2026-01-11 20:19:37,Strong,4,9
2026-01-11 20:19:37,Strong,3,1
2026-01-11 20:19:37,Strong,4,1
2026-01-11 20:19:37,Weak,8,8
2026-01-11 20:19:37,Strong,7,1
2026-01-11 20:19:37,Strong,7,7
2026-01-11 20:19:37,Weak,6,10
2026-01-11 20:19:37,Strong,10,4
2026-01-11 20:19:37,Weak,7,2
2026-01-11 20:19:37,Strong,7,10
2026-01-11 20:19:37,Weak,10,6
2026-01-11 20:19:37,Strong,1,1
2026-01-11 20:19:37,Weak,1,8
2026-01-11 20:19:37,Strong,3,4
2026-01-11 20:19:37,Weak,3,5
2026-01-11 20:19:37,Strong,3,8
2026-01-11 20:19:37,Weak,3,9
2026-01-11 20:19:37,Weak,6,0
2026-01-11 20:19:37,Strong,4,4
2026-01-11 20:19:37,Strong,5,1
2026-01-11 20:19:37,Strong,6,1
2026-01-11 20:19:37,Weak,5,6
2026-01-11 20:19:37,Weak,8,7
2026-01-11 20:19:37,Weak,10,1
2026-01-11 20:19:37,Strong,9,9
2026-01-11 20:19:37,Strong,7,9
2026-01-11 20:19:37,Weak,10,8
2026-01-11 20:19:37,Weak,9,10
2026-01-11 20:19:37,Strong,1,5
2026-01-11 20:19:37,Strong,1,2
2026-01-11 20:19:37,Strong,0,0
2026-01-11 20:19:37,Weak,1,9
2026-01-11 20:19:37,Weak,4,8
2026-01-11 20:19:37,Weak,2,7
2026-01-11 20:19:37,Weak,3,2
2026-01-11 20:19:37,Strong,3,7
2026-01-11 20:19:37,Weak,2,9
2026-01-11 20:19:37,Strong,4,3
2026-01-11 20:19:37,Strong,3,9
2026-01-11 20:19:37,Strong,8,2
2026-01-11 20:19:37,Strong,4,7
2026-01-11 20:19:37,Weak,9,7
2026-01-11 20:19:37,Strong,6,7
2026-01-11 20:19:37,Strong,8,9
2026-01-11 20:19:37,Strong,10,3
2026-01-11 20:19:37,Weak,6,2
2026-01-11 20:19:37,Strong,7,8
2026-01-11 20:19:37,Weak,10,5
2026-01-11 20:19:37,Weak,9,8
2026-01-11 20:19:37,Weak,9,9
2026-01-11 20:19:37,Strong,0,5
2026-01-11 20:19:37,Strong,1,1
2026-01-11 20:19:37,Strong,0,1
2026-01-11 20:19:37,Weak,1,8
2026-01-11 20:19:37,Strong,3,3
2026-01-11 20:19:37,Weak,3,4
2026-01-11 20:19:37,Strong,3,6
2026-01-11 20:19:37,Weak,2,8
2026-01-11 20:19:37,Weak,5,0
2026-01-11 20:19:37,Strong,2,9
2026-01-11 20:19:38,Strong,2,1
2026-01-11 20:19:38,Strong,9,2
2026-01-11 20:19:38,Weak,5,7
2026-01-11 20:19:38,Strong,4,6
2026-01-11 20:19:38,Weak,9,6
2026-01-11 20:19:38,Strong,7,7
2026-01-11 20:19:38,Weak,10,0
2026-01-11 20:19:38,Strong,8,10
2026-01-11 20:19:38,Strong,9,3
2026-01-11 20:19:38,Strong,8,8
2026-01-11 20:19:38,Weak,10,4
2026-01-11 20:19:38,Weak,8,9
2026-01-11 20:21:12,Weak,3,6
2026-01-11 20:21:12,Weak,3,4
2026-01-11 20:21:12,Weak,3,9
2026-01-11 20:21:12,Strong,3,2
2026-01-11 20:21:12,Strong,5,0
2026-01-11 20:21:12,Strong,6,1
2026-01-11 20:21:12,Weak,5,6
2026-01-11 20:21:12,Strong,5,7
2026-01-11 20:21:12,Strong,8,2
2026-01-11 20:21:12,Strong,7,6
2026-01-11 20:21:12,Weak,8,10
2026-01-11 20:21:12,Strong,8,7
2026-01-11 20:21:12,Weak,9,2
2026-01-11 20:21:12,Weak,0,9
2026-01-11 20:21:12,Strong,1,1
2026-01-11 20:21:12,Strong,1,5
2026-01-11 20:21:12,Weak,3,5
2026-01-11 20:21:12,Strong,4,7
2026-01-11 20:21:12,Weak,4,2
2026-01-11 20:21:12,Strong,3,3
2026-01-11 20:21:12,Strong,5,1
2026-01-11 20:21:12,Strong,4,4
2026-01-11 20:21:12,Strong,7,1
2026-01-11 20:21:12,Strong,6,7
2026-01-11 20:21:12,Weak,6,10
2026-01-11 20:21:12,Strong,6,6
2026-01-11 20:21:12,Strong,8,8
2026-01-11 20:21:12,Strong,9,7
2026-01-11 20:21:12,Weak,0,10
2026-01-11 20:21:12,Strong,0,1
2026-01-11 20:21:12,Strong,1,1
2026-01-11 20:21:12,Strong,2,5
2026-01-11 20:21:12,Weak,1,7
2026-01-11 20:21:12,Weak,4,5
2026-01-11 20:21:12,Weak,4,6
2026-01-11 20:21:12,Weak,3,8
2026-01-11 20:21:12,Strong,4,8
2026-01-11 20:21:12,Weak,3,2
2026-01-11 20:21:12,Strong,4,1
2026-01-11 20:21:12,Strong,5,7
2026-01-11 20:21:12,Weak,7,10
2026-01-11 20:21:12,Strong,6,7
2026-01-11 20:21:12,Strong,7,8
2026-01-11 20:21:12,Weak,9,3
2026-01-11 20:21:12,Strong,9,8
2026-01-11 20:21:12,Weak,10,7
2026-01-11 20:21:12,Strong,0,0
2026-01-11 20:21:12,Strong,2,1
2026-01-11 20:21:12,Weak,4,7
2026-01-11 20:21:12,Weak,3,7
2026-01-11 20:21:12,Strong,4,9
2026-01-11 20:21:12,Weak,2,9
2026-01-11 20:21:12,Weak,4,2
2026-01-11 20:21:12,Strong,4,3
2026-01-11 20:21:12,Weak,7,9
2026-01-11 20:21:12,Strong,7,2
2026-01-11 20:21:12,Weak,7,10
2026-01-11 20:21:12,Strong,8,8
2026-01-11 20:21:12,Weak,8,3
2026-01-11 20:21:12,Weak,10,8
2026-01-11 20:21:12,Strong,1,6
2026-01-11 20:21:12,Weak,1,10
2026-01-11 20:21:12,Strong,1,1
2026-01-11 20:21:12,Strong,3,5
2026-01-11 20:21:12,Weak,1,8
2026-01-11 20:21:12,Weak,3,8
2026-01-11 20:21:12,Weak,1,9
2026-01-11 20:21:12,Strong,3,3
2026-01-11 20:21:12,Strong,3,1
2026-01-11 20:21:12,Strong,4,3
2026-01-11 20:21:12,Weak,7,8
2026-01-11 20:21:12,Strong,7,7
2026-01-11 20:21:12,Weak,7,9
2026-01-11 20:21:12,Strong,8,9
2026-01-11 20:21:12,Strong,9,2
2026-01-11 20:21:12,Strong,8,8
2026-01-11 20:21:12,Strong,1,5
2026-01-11 20:21:12,Weak,0,10
2026-01-11 20:21:12,Strong,2,1
2026-01-11 20:21:12,Strong,2,5
2026-01-11 20:21:12,Weak,1,7
2026-01-11 20:21:12,Weak,4,6
2026-01-11 20:21:12,Weak,2,8
2026-01-11 20:21:12,Weak,2,9
2026-01-11 20:21:12,Weak,4,1
2026-01-11 20:21:12,Strong,4,2
2026-01-11 20:21:12,Strong,7,6
2026-01-11 20:21:12,Weak,7,10
2026-01-11 20:21:12,Weak,9,1
2026-01-11 20:21:12,Strong,8,10
2026-01-11 20:21:12,Strong,10,2
2026-01-11 20:21:12,Weak,8,2
2026-01-11 20:21:12,Strong,8,9
2026-01-11 20:21:12,Weak,9,8
2026-01-11 20:21:12,Weak,9,9
2026-01-11 20:37:12,Strong,0,8
2026-01-11 20:37:12,Strong,2,5
2026-01-11 20:37:12,Strong,1,8
2026-01-11 20:37:12,Strong,2,1
2026-01-11 20:37:12,Weak,3,9
2026-01-11 20:37:12,Weak,3,2
2026-01-11 20:37:12,Weak,4,8
2026-01-11 20:37:12,Weak,5,1
2026-01-11 20:37:12,Weak,4,9
2026-01-11 20:37:12,Strong,6,1
2026-01-11 20:37:12,Strong,7,1
2026-01-11 20:37:12,Strong,7,7
2026-01-11 20:37:12,Weak,8,2
2026-01-11 20:37:12,Strong,7,6
2026-01-11 20:37:12,Strong,9,1
2026-01-11 20:37:12,Strong,0,1
2026-01-11 20:37:12,Strong,2,4
2026-01-11 20:37:12,Weak,2,8
2026-01-11 20:37:12,Strong,2,6
2026-01-11 20:37:12,Weak,3,8
2026-01-11 20:37:12,Weak,4,2
2026-01-11 20:37:12,Strong,4,4
2026-01-11 20:37:12,Weak,5,9
2026-01-11 20:37:12,Strong,6,9
2026-01-11 20:37:12,Weak,6,0
2026-01-11 20:37:12,Strong,7,2
2026-01-11 20:37:12,Weak,9,2
2026-01-11 20:37:13,Strong,6,6
2026-01-11 20:37:13,Strong,8,8
2026-01-11 20:37:13,Strong,10,1
2026-01-11 20:37:13,Weak,10,3
2026-01-11 20:37:13,Strong,0,0
2026-01-11 20:37:13,Weak,0,1
2026-01-11 20:37:13,Weak,0,2
2026-01-11 20:37:13,Strong,1,4
2026-01-11 20:37:13,Strong,3,4
2026-01-11 20:37:13,Strong,1,6
2026-01-11 20:37:13,Weak,5,0
2026-01-11 20:37:13,Weak,4,3
2026-01-11 20:37:13,Weak,4,9
2026-01-11 20:37:13,Weak,5,2
2026-01-11 20:37:13,Weak,6,10
2026-01-11 20:37:13,Strong,7,9
2026-01-11 20:37:13,Weak,7,0
2026-01-11 20:37:13,Strong,6,0
2026-01-11 20:37:13,Strong,8,2
2026-01-11 20:37:13,Strong,7,6
2026-01-11 20:37:13,Strong,7,8
2026-01-11 20:37:13,Strong,1,9
2026-01-11 20:37:13,Weak,1,8
2026-01-11 20:37:13,Strong,2,0
2026-01-11 20:37:13,Strong,2,5
2026-01-11 20:37:13,Strong,1,7
2026-01-11 20:37:13,Weak,5,1
2026-01-11 20:37:13,Weak,4,2
2026-01-11 20:37:13,Weak,6,2
2026-01-11 20:37:13,Weak,6,9
2026-01-11 20:37:13,Weak,5,10
2026-01-11 20:37:13,Strong,6,1
2026-01-11 20:37:13,Strong,8,3
2026-01-11 20:37:13,Weak,8,1
2026-01-11 20:37:13,Weak,8,2
2026-01-11 20:37:13,Strong,6,7
2026-01-11 20:37:13,Weak,9,1
2026-01-11 20:37:13,Strong,1,0
2026-01-11 20:37:13,Strong,1,10
2026-01-11 20:37:13,Weak,1,2
2026-01-11 20:37:13,Strong,1,3
2026-01-11 20:37:13,Strong,2,4
2026-01-11 20:37:13,Strong,3,0
2026-01-11 20:37:13,Strong,3,5
2026-01-11 20:37:13,Strong,1,6
2026-01-11 20:37:13,Weak,4,3
2026-01-11 20:37:13,Weak,4,10
2026-01-11 20:37:13,Weak,4,5
2026-01-11 20:37:13,Strong,9,3
2026-01-11 20:37:13,Strong,7,7
2026-01-11 20:37:13,Weak,7,1
2026-01-11 20:37:13,Weak,8,1
2026-01-11 20:37:13,Strong,8,8
2026-01-11 20:37:13,Weak,10,4
2026-01-11 20:37:13,Strong,1,1
2026-01-11 20:37:13,Weak,0,0
2026-01-11 20:37:13,Weak,0,2
2026-01-11 20:37:13,Strong,1,4
2026-01-11 20:37:13,Weak,2,8
2026-01-11 20:37:13,Strong,0,6
2026-01-11 20:37:13,Weak,5,0
2026-01-11 20:37:13,Weak,3,10
2026-01-11 20:37:13,Weak,7,2
2026-01-11 20:37:13,Weak,4,6
2026-01-11 20:37:13,Weak,5,9
2026-01-11 20:37:13,Weak,4,10
2026-01-11 20:37:13,Strong,6,0
2026-01-11 20:37:13,Strong,7,6
2026-01-11 20:37:13,Weak,8,0
2026-01-11 20:37:13,Strong,7,7
2026-01-11 20:37:13,Strong,7,8
2026-01-11 20:37:13,Weak,8,1
2026-01-11 20:37:13,Weak,10,5
2026-01-11 20:37:13,Weak,9,2
2026-01-11 20:37:23,Strong,1,2
2026-01-11 20:37:23,Weak,0,1
2026-01-11 20:37:23,Strong,1,8
2026-01-11 20:37:23,Weak,2,9
2026-01-11 20:37:23,Strong,4,0
2026-01-11 20:37:23,Strong,2,5
2026-01-11 20:37:23,Weak,5,1
2026-01-11 20:37:23,Weak,5,3
2026-01-11 20:37:23,Strong,4,5
2026-01-11 20:37:23,Weak,6,2
2026-01-11 20:37:23,Strong,6,1
2026-01-11 20:37:23,Strong,6,6
2026-01-11 20:37:23,Strong,6,7
2026-01-11 20:37:23,Strong,8,8
2026-01-11 20:37:23,Strong,10,0
2026-01-11 20:37:23,Weak,10,4
2026-01-11 20:37:23,Weak,9,1
2026-01-11 20:37:23,Strong,0,8
2026-01-11 20:37:23,Strong,2,4
2026-01-11 20:37:23,Weak,3,9
2026-01-11 20:37:23,Strong,5,0
2026-01-11 20:37:23,Weak,4,1
2026-01-11 20:37:23,Strong,4,4
2026-01-11 20:37:23,Weak,6,3
2026-01-11 20:37:23,Weak,4,7
2026-01-11 20:37:23,Strong,8,9
2026-01-11 20:37:23,Strong,5,1
2026-01-11 20:37:23,Strong,8,3
2026-01-11 20:37:23,Strong,7,6
2026-01-11 20:37:23,Weak,7,2
2026-01-11 20:37:23,Strong,6,8
2026-01-11 20:37:23,Strong,9,8
2026-01-11 20:37:23,Weak,8,2
2026-01-11 20:37:23,Weak,10,3
2026-01-11 20:37:23,Weak,9,0
2026-01-11 20:37:23,Strong,0,10
2026-01-11 20:37:23,Strong,3,4
2026-01-11 20:37:23,Strong,1,10
2026-01-11 20:37:23,Weak,2,9
2026-01-11 20:37:23,Strong,2,4
2026-01-11 20:37:23,Strong,1,6
2026-01-11 20:37:23,Weak,4,2
2026-01-11 20:37:23,Weak,4,3
2026-01-11 20:37:23,Strong,4,5
2026-01-11 20:37:23,Weak,6,4
2026-01-11 20:37:23,Weak,7,1
2026-01-11 20:37:23,Strong,5,2
2026-01-11 20:37:23,Strong,7,3
2026-01-11 20:37:23,Strong,6,6
2026-01-11 20:37:23,Weak,8,3
2026-01-11 20:37:23,Weak,10,2
2026-01-11 20:37:23,Weak,0,0
2026-01-11 20:37:23,Strong,2,3
2026-01-11 20:37:23,Strong,3,5
2026-01-11 20:37:23,Weak,3,9
2026-01-11 20:37:23,Strong,6,0
2026-01-11 20:37:23,Strong,2,5
2026-01-11 20:37:23,Strong,0,6
2026-01-11 20:37:23,Weak,3,2
2026-01-11 20:37:23,Weak,5,3
2026-01-11 20:37:23,Strong,4,6
2026-01-11 20:37:23,Weak,4,9
2026-01-11 20:37:23,Weak,7,0
2026-01-11 20:37:23,Strong,7,6
2026-01-11 20:37:23,Weak,8,1
2026-01-11 20:37:23,Strong,7,8
2026-01-11 20:37:23,Weak,8,4
2026-01-11 20:37:23,Weak,10,3
2026-01-11 20:37:23,Weak,0,1
2026-01-11 20:37:23,Strong,1,3
2026-01-11 20:37:23,Strong,6,1
2026-01-11 20:37:23,Weak,2,8
2026-01-11 20:37:23,Strong,4,5
2026-01-11 20:37:23,Weak,6,3
2026-01-11 20:37:23,Weak,4,6
2026-01-11 20:37:23,Weak,8,0
2026-01-11 20:37:23,Strong,5,1
2026-01-11 20:37:23,Strong,7,7
2026-01-11 20:37:23,Weak,8,2
2026-01-11 20:37:23,Strong,7,9
2026-01-11 20:37:23,Weak,8,5
2026-01-11 20:37:23,Weak,10,4
2026-01-11 20:37:23,Strong,3,4
2026-01-11 20:37:23,Strong,7,1
2026-01-11 20:37:23,Strong,3,5
2026-01-11 20:37:23,Weak,2,7
2026-01-11 20:37:23,Weak,3,8
2026-01-11 20:37:23,Strong,5,2
2026-01-11 20:37:23,Strong,7,4
2026-01-11 20:37:23,Strong,7,8
2026-01-11 20:37:23,Strong,6,9
2026-01-11 20:37:23,Weak,8,6
2026-01-11 20:37:23,Weak,9,1
2026-01-11 20:37:51,Weak,0,0
2026-01-11 20:37:51,Strong,1,4
2026-01-11 20:37:51,Strong,1,9
2026-01-11 20:37:51,Weak,2,9
2026-01-11 20:37:51,Strong,7,0
2026-01-11 20:37:51,Strong,3,6
2026-01-11 20:37:51,Strong,1,6
2026-01-11 20:37:51,Weak,2,8
2026-01-11 20:37:51,Weak,7,3
2026-01-11 20:37:51,Weak,3,9
2026-01-11 20:37:51,Weak,5,10
2026-01-11 20:37:51,Weak,9,0
2026-01-11 20:37:51,Strong,4,2
2026-01-11 20:37:51,Strong,8,4
2026-01-11 20:37:51,Strong,7,7
2026-01-11 20:37:51,Weak,7,1
2026-01-11 20:37:51,Weak,8,3
2026-01-11 20:37:51,Strong,7,9
2026-01-11 20:37:52,Weak,9,6
2026-01-11 20:37:52,Weak,10,5
2026-01-11 20:37:52,Weak,8,1
2026-01-11 20:37:52,Weak,0,1
2026-01-11 20:37:52,Strong,0,4
2026-01-11 20:37:52,Strong,4,4
2026-01-11 20:37:52,Strong,2,6
2026-01-11 20:37:52,Strong,0,6
2026-01-11 20:37:52,Weak,1,7
2026-01-11 20:37:52,Weak,6,3
2026-01-11 20:37:52,Weak,2,7
2026-01-11 20:37:52,Weak,4,10
2026-01-11 20:37:52,Weak,8,0
2026-01-11 20:37:52,Strong,5,2
2026-01-11 20:37:52,Strong,7,4
2026-01-11 20:37:52,Strong,7,8
2026-01-11 20:37:52,Strong,10,8
2026-01-11 20:37:52,Weak,10,6
2026-01-11 20:37:52,Strong,10,1
2026-01-11 20:37:52,Weak,9,1
2026-01-11 20:37:52,Weak,0,0
2026-01-11 20:37:52,Strong,1,8
2026-01-11 20:37:52,Strong,4,3
2026-01-11 20:37:52,Strong,1,10
2026-01-11 20:37:52,Strong,2,5
2026-01-11 20:37:52,Strong,1,6
2026-01-11 20:37:52,Weak,6,2
2026-01-11 20:37:52,Strong,4,4
2026-01-11 20:37:52,Weak,6,3
2026-01-11 20:37:52,Weak,4,5
2026-01-11 20:37:52,Weak,4,9
2026-01-11 20:37:52,Strong,8,8
2026-01-11 20:37:52,Strong,4,2
2026-01-11 20:37:52,Strong,8,4
2026-01-11 20:37:52,Strong,7,7
2026-01-11 20:37:52,Weak,8,1
2026-01-11 20:37:52,Weak,9,3
2026-01-11 20:37:52,Strong,7,8
2026-01-11 20:37:52,Weak,9,6
2026-01-11 20:37:52,Weak,10,6
2026-01-11 20:37:52,Weak,9,0
2026-01-11 20:37:52,Strong,1,3
2026-01-11 20:37:52,Weak,0,1
2026-01-11 20:37:52,Strong,1,9
2026-01-11 20:37:52,Strong,7,1
2026-01-11 20:37:52,Strong,3,5
2026-01-11 20:37:52,Strong,0,6
2026-01-11 20:37:52,Weak,6,1
2026-01-11 20:37:52,Weak,6,2
2026-01-11 20:37:52,Weak,4,6
2026-01-11 20:37:52,Weak,3,9
2026-01-11 20:37:52,Strong,7,6
2026-01-11 20:37:52,Strong,6,10
2026-01-11 20:37:52,Weak,8,2
2026-01-11 20:37:52,Weak,10,3
2026-01-11 20:37:52,Strong,7,9
2026-01-11 20:37:52,Weak,10,0
2026-01-11 20:37:52,Strong,1,2
2026-01-11 20:37:52,Weak,1,1
2026-01-11 20:37:52,Strong,0,8
2026-01-11 20:37:52,Strong,2,5
2026-01-11 20:37:52,Strong,1,6
2026-01-11 20:37:52,Weak,1,8
2026-01-11 20:37:52,Weak,6,0
2026-01-11 20:37:52,Strong,3,4
2026-01-11 20:37:52,Weak,2,8
2026-01-11 20:37:52,Weak,6,1
2026-01-11 20:37:52,Weak,4,5
2026-01-11 20:37:52,Weak,4,9
2026-01-11 20:37:52,Strong,7,8
2026-01-11 20:37:52,Weak,8,1
2026-01-11 20:37:52,Strong,8,5
2026-01-11 20:37:52,Strong,7,5
2026-01-11 20:37:52,Weak,9,2
2026-01-11 20:37:52,Strong,8,9
2026-01-11 20:37:52,Weak,2,1
2026-01-11 20:37:52,Strong,1,4
2026-01-11 20:37:52,Strong,2,4
2026-01-11 20:37:52,Strong,1,7
2026-01-11 20:37:52,Weak,3,1
2026-01-11 20:37:52,Strong,4,4
2026-01-11 20:37:52,Weak,5,10
2026-01-11 20:37:52,Strong,8,8
2026-01-11 20:37:52,Weak,9,1
2026-01-11 20:37:52,Strong,5,2
2026-01-11 20:37:52,Strong,8,6
2026-01-11 20:37:52,Strong,7,4
2026-01-11 20:37:52,Strong,6,9
2026-01-11 20:37:52,Weak,10,2
2026-01-11 20:37:52,Strong,9,8
2026-01-11 20:37:52,Weak,9,0
2026-01-11 20:37:59,Weak,2,0
2026-01-11 20:37:59,Weak,0,1
2026-01-11 20:37:59,Strong,3,4
2026-01-11 20:37:59,Strong,2,7
2026-01-11 20:37:59,Weak,4,1
2026-01-11 20:37:59,Weak,3,9
2026-01-11 20:37:59,Weak,5,1
2026-01-11 20:37:59,Weak,6,10
2026-01-11 20:37:59,Strong,7,8
2026-01-11 20:37:59,Weak,9,2
2026-01-11 20:37:59,Strong,6,2
2026-01-11 20:37:59,Strong,8,5
2026-01-11 20:37:59,Strong,7,3
2026-01-11 20:37:59,Strong,8,8
2026-01-11 20:37:59,Strong,10,8
2026-01-11 20:37:59,Weak,8,6
2026-01-11 20:37:59,Weak,9,1
2026-01-11 20:37:59,Weak,3,0
2026-01-11 20:37:59,Weak,0,2
2026-01-11 20:37:59,Strong,0,4
2026-01-11 20:37:59,Strong,1,10
2026-01-11 20:37:59,Strong,6,1
2026-01-11 20:37:59,Strong,2,4
2026-01-11 20:37:59,Strong,2,6
2026-01-11 20:37:59,Weak,1,7
2026-01-11 20:37:59,Weak,1,8
2026-01-11 20:37:59,Weak,5,2
2026-01-11 20:37:59,Weak,5,5
2026-01-11 20:37:59,Weak,7,10
2026-01-11 20:37:59,Strong,6,8
2026-01-11 20:37:59,Weak,8,2
2026-01-11 20:37:59,Strong,7,5
2026-01-11 20:37:59,Strong,7,2
2026-01-11 20:37:59,Weak,9,2
2026-01-11 20:37:59,Weak,10,4
2026-01-11 20:37:59,Strong,7,8
2026-01-11 20:37:59,Weak,8,5
2026-01-11 20:37:59,Strong,10,2
2026-01-11 20:37:59,Weak,10,5
2026-01-11 20:37:59,Weak,9,0
2026-01-11 20:37:59,Strong,0,5
2026-01-11 20:37:59,Strong,1,9
2026-01-11 20:37:59,Weak,2,8
2026-01-11 20:37:59,Strong,2,5
2026-01-11 20:37:59,Weak,2,7
2026-01-11 20:37:59,Weak,5,1
2026-01-11 20:37:59,Weak,3,8
2026-01-11 20:37:59,Weak,4,2
2026-01-11 20:37:59,Weak,6,5
2026-01-11 20:37:59,Weak,3,9
2026-01-11 20:37:59,Weak,6,10
2026-01-11 20:37:59,Strong,7,4
2026-01-11 20:37:59,Strong,7,1
2026-01-11 20:37:59,Strong,7,9
2026-01-11 20:37:59,Weak,10,3
2026-01-11 20:37:59,Weak,8,4
2026-01-11 20:37:59,Weak,10,4
2026-01-11 20:37:59,Strong,1,3
2026-01-11 20:37:59,Weak,4,0
2026-01-11 20:37:59,Strong,1,10
2026-01-11 20:37:59,Strong,3,5
2026-01-11 20:37:59,Strong,3,6
2026-01-11 20:37:59,Weak,1,7
2026-01-11 20:37:59,Weak,5,0
2026-01-11 20:37:59,Strong,3,4
2026-01-11 20:37:59,Weak,4,1
2026-01-11 20:37:59,Weak,5,5
2026-01-11 20:37:59,Weak,4,9
2026-01-11 20:37:59,Weak,6,9
2026-01-11 20:37:59,Strong,6,7
2026-01-11 20:37:59,Weak,8,3
2026-01-11 20:37:59,Strong,5,2
2026-01-11 20:37:59,Strong,6,4
2026-01-11 20:37:59,Strong,7,10
2026-01-11 20:37:59,Weak,9,1
2026-01-11 20:37:59,Strong,6,8
2026-01-11 20:37:59,Weak,8,5
2026-01-11 20:37:59,Weak,10,0
2026-01-11 20:37:59,Strong,2,3
2026-01-11 20:37:59,Weak,3,0
2026-01-11 20:37:59,Strong,0,4
2026-01-11 20:37:59,Strong,4,2
2026-01-11 20:37:59,Weak,3,9
2026-01-11 20:37:59,Weak,4,0
2026-01-11 20:37:59,Weak,4,5
2026-01-11 20:37:59,Weak,4,10
2026-01-11 20:37:59,Weak,7,9
2026-01-11 20:37:59,Weak,8,4
2026-01-11 20:37:59,Strong,5,1
2026-01-11 20:37:59,Strong,7,4
2026-01-11 20:37:59,Strong,8,1
2026-01-11 20:37:59,Strong,6,10
2026-01-11 20:37:59,Weak,10,1
2026-01-11 20:37:59,Strong,7,8
2026-01-11 20:37:59,Weak,8,6
2026-01-11 20:37:59,Weak,10,5
2026-01-11 20:37:59,Strong,2,4
2026-01-11 20:37:59,Weak,2,0
2026-01-11 20:37:59,Strong,1,4
2026-01-11 20:37:59,Strong,4,3
2026-01-11 20:37:59,Weak,3,8
2026-01-11 20:37:59,Strong,7,1
2026-01-11 20:37:59,Weak,1,6
2026-01-11 20:37:59,Weak,7,0
2026-01-11 20:37:59,Weak,2,8
2026-01-11 20:37:59,Weak,5,5
2026-01-11 20:37:59,Strong,7,7
2026-01-11 20:37:59,Strong,4,1
2026-01-11 20:37:59,Strong,6,9
2026-01-11 20:37:59,Weak,9,1
2026-01-11 20:37:59,Weak,9,3
2026-01-11 20:37:59,Weak,8,5
2026-01-11 20:37:59,Strong,10,1
2026-01-11 20:38:11,Strong,4,2
2026-01-11 20:38:11,Weak,4,8
2026-01-11 20:38:11,Strong,2,6
2026-01-11 20:38:11,Weak,1,7
2026-01-11 20:38:11,Weak,5,1
2026-01-11 20:38:11,Weak,2,7
2026-01-11 20:38:11,Weak,2,9
2026-01-11 20:38:11,Strong,8,7
2026-01-11 20:38:11,Strong,3,1
2026-01-11 20:38:11,Weak,8,3
2026-01-11 20:38:11,Strong,6,8
2026-01-11 20:38:11,Weak,7,5
2026-01-11 20:38:11,Strong,10,2
2026-01-11 20:38:11,Weak,10,1
2026-01-11 20:38:11,Weak,1,0
2026-01-11 20:38:11,Weak,1,2
2026-01-11 20:38:11,Strong,0,4
2026-01-11 20:38:11,Strong,5,2
2026-01-11 20:38:11,Weak,4,7
2026-01-11 20:38:11,Strong,2,5
2026-01-11 20:38:11,Weak,4,1
2026-01-11 20:38:11,Strong,3,5
2026-01-11 20:38:11,Weak,2,8
2026-01-11 20:38:11,Weak,5,0
2026-01-11 20:38:11,Weak,3,10
2026-01-11 20:38:11,Strong,7,7
2026-01-11 20:38:11,Strong,7,3
2026-01-11 20:38:11,Strong,8,2
2026-01-11 20:38:11,Strong,6,10
2026-01-11 20:38:11,Weak,8,1
2026-01-11 20:38:11,Strong,6,9
2026-01-11 20:38:11,Weak,7,6
2026-01-11 20:38:11,Strong,10,3
2026-01-11 20:38:11,Weak,1,1
2026-01-11 20:38:11,Strong,6,2
2026-01-11 20:38:11,Strong,1,9
2026-01-11 20:38:11,Weak,4,6
2026-01-11 20:38:11,Weak,6,0
2026-01-11 20:38:11,Strong,4,5
2026-01-11 20:38:11,Weak,2,9
2026-01-11 20:38:11,Weak,7,8
2026-01-11 20:38:11,Strong,6,7
2026-01-11 20:38:11,Weak,7,4
2026-01-11 20:38:11,Strong,3,2
2026-01-11 20:38:11,Strong,6,3
2026-01-11 20:38:11,Strong,7,2
2026-01-11 20:38:11,Strong,5,10
2026-01-11 20:38:11,Weak,8,2
2026-01-11 20:38:11,Weak,9,3
2026-01-11 20:38:11,Strong,6,10
2026-01-11 20:38:11,Weak,7,5
2026-01-11 20:38:11,Weak,9,1
2026-01-11 20:38:11,Strong,1,4
2026-01-11 20:38:11,Weak,2,0
2026-01-11 20:38:11,Weak,2,1
2026-01-11 20:38:11,Strong,7,0
2026-01-11 20:38:11,Weak,3,1
2026-01-11 20:38:11,Weak,6,1
2026-01-11 20:38:11,Strong,3,5
2026-01-11 20:38:11,Weak,6,0
2026-01-11 20:38:11,Weak,4,5
2026-01-11 20:38:11,Weak,3,9
2026-01-11 20:38:11,Weak,7,7
2026-01-11 20:38:11,Strong,4,2
2026-01-11 20:38:11,Strong,5,3
2026-01-11 20:38:11,Strong,7,3
2026-01-11 20:38:11,Weak,7,2
2026-01-11 20:38:11,Weak,9,2
2026-01-11 20:38:11,Weak,8,5
2026-01-11 20:38:11,Weak,10,1
2026-01-11 20:38:11,Weak,1,0
2026-01-11 20:38:11,Weak,2,0
2026-01-11 20:38:11,Strong,1,8
2026-01-11 20:38:11,Strong,5,2
2026-01-11 20:38:11,Weak,4,7
2026-01-11 20:38:11,Strong,2,4
2026-01-11 20:38:11,Strong,2,5
2026-01-11 20:38:11,Weak,4,1
2026-01-11 20:38:11,Weak,5,1
2026-01-11 20:38:11,Strong,3,6
2026-01-11 20:38:11,Weak,2,8
2026-01-11 20:38:11,Weak,6,1
2026-01-11 20:38:11,Weak,4,4
2026-01-11 20:38:11,Weak,4,9
2026-01-11 20:38:11,Weak,7,8
2026-01-11 20:38:11,Strong,3,2
2026-01-11 20:38:11,Strong,8,3
2026-01-11 20:38:11,Weak,6,2
2026-01-11 20:38:11,Weak,9,3
2026-01-11 20:38:11,Strong,6,9
2026-01-11 20:38:11,Weak,8,4
2026-01-11 20:38:11,Strong,1,10
2026-01-11 20:38:11,Weak,3,0
2026-01-11 20:38:11,Weak,4,6
2026-01-11 20:38:11,Strong,6,0
2026-01-11 20:38:11,Strong,2,3
2026-01-11 20:38:11,Strong,2,4
2026-01-11 20:38:11,Weak,1,6
2026-01-11 20:38:11,Strong,3,5
2026-01-11 20:38:11,Weak,2,7
2026-01-11 20:38:11,Weak,4,5
2026-01-11 20:38:11,Weak,4,8
2026-01-11 20:38:11,Weak,7,9
2026-01-11 20:38:11,Strong,6,6
2026-01-11 20:38:11,Strong,4,3
2026-01-11 20:38:11,Strong,6,10
2026-01-11 20:38:11,Weak,6,3
2026-01-11 20:38:11,Weak,8,5
2026-01-11 20:38:11,Weak,10,6
2026-01-11 20:38:11,Weak,9,1
2026-01-11 21:00:54,Weak,0,3
2026-01-11 21:00:54,Weak,2,1
2026-01-11 21:00:54,Weak,1,1
2026-01-11 21:00:54,Weak,1,10
2026-01-11 21:00:54,Weak,3,3
2026-01-11 21:00:54,Weak,3,4
2026-01-11 21:00:54,Weak,4,8
2026-01-11 21:00:54,Weak,4,4
2026-01-11 21:00:54,Strong,4,5
2026-01-11 21:00:54,Weak,5,7
2026-01-11 21:00:54,Weak,4,0
2026-01-11 21:00:54,Strong,5,4
2026-01-11 21:00:54,Strong,6,8
2026-01-11 21:00:54,Strong,5,9
2026-01-11 21:00:54,Weak,7,0
2026-01-11 21:00:54,Weak,7,6
2026-01-11 21:00:54,Weak,8,1
2026-01-11 21:00:54,Weak,0,4
2026-01-11 21:00:54,Weak,2,2
2026-01-11 21:00:54,Weak,0,3
2026-01-11 21:00:54,Weak,2,9
2026-01-11 21:00:54,Weak,1,9
2026-01-11 21:00:54,Strong,5,5
2026-01-11 21:00:54,Weak,5,6
2026-01-11 21:00:54,Weak,4,1
2026-01-11 21:00:54,Strong,5,7
2026-01-11 21:00:54,Strong,6,6
2026-01-11 21:00:54,Strong,6,7
2026-01-11 21:00:54,Strong,5,8
2026-01-11 21:00:54,Weak,7,1
2026-01-11 21:00:54,Weak,8,6
2026-01-11 21:00:54,Strong,7,7
2026-01-11 21:00:54,Strong,9,1
2026-01-11 21:00:54,Strong,10,8
2026-01-11 21:00:54,Weak,1,4
2026-01-11 21:00:54,Strong,1,10
2026-01-11 21:00:54,Weak,2,1
2026-01-11 21:00:54,Weak,4,3
2026-01-11 21:00:54,Weak,3,3
2026-01-11 21:00:54,Weak,4,5
2026-01-11 21:00:54,Weak,3,1
2026-01-11 21:00:54,Strong,5,3
2026-01-11 21:00:54,Strong,7,6
2026-01-11 21:00:54,Strong,6,6
2026-01-11 21:00:54,Weak,6,1
2026-01-11 21:00:54,Weak,9,6
2026-01-11 21:00:54,Strong,7,8
2026-01-11 21:00:54,Weak,7,1
2026-01-11 21:00:54,Weak,10,9
2026-01-11 21:00:54,Strong,10,10
2026-01-11 21:00:54,Strong,10,1
2026-01-11 21:00:54,Weak,2,3
2026-01-11 21:00:54,Weak,2,2
2026-01-11 21:00:54,Weak,2,10
2026-01-11 21:00:54,Weak,2,9
2026-01-11 21:00:54,Weak,4,4
2026-01-11 21:00:54,Strong,6,5
2026-01-11 21:00:54,Weak,4,6
2026-01-11 21:00:54,Strong,4,3
2026-01-11 21:00:54,Strong,6,7
2026-01-11 21:00:54,Strong,7,7
2026-01-11 21:00:54,Strong,6,8
2026-01-11 21:00:54,Weak,7,0
2026-01-11 21:00:54,Weak,9,9
2026-01-11 21:00:54,Strong,10,9
2026-01-11 21:00:55,Strong,1,2
2026-01-11 21:00:55,Weak,0,4
2026-01-11 21:00:55,Strong,1,9
2026-01-11 21:00:55,Strong,0,10
2026-01-11 21:00:55,Weak,2,4
2026-01-11 21:00:55,Weak,3,9
2026-01-11 21:00:55,Weak,5,8
2026-01-11 21:00:55,Strong,5,5
2026-01-11 21:00:55,Weak,5,6
2026-01-11 21:00:55,Weak,2,1
2026-01-11 21:00:55,Strong,4,2
2026-01-11 21:00:55,Strong,6,5
2026-01-11 21:00:55,Strong,7,9
2026-01-11 21:00:55,Weak,6,0
2026-01-11 21:00:55,Strong,10,10
2026-01-11 21:00:55,Strong,1,1
2026-01-11 21:00:55,Strong,2,9
2026-01-11 21:00:55,Strong,0,9
2026-01-11 21:00:55,Weak,2,5
2026-01-11 21:00:55,Weak,1,2
2026-01-11 21:00:55,Weak,0,2
2026-01-11 21:00:55,Weak,4,3
2026-01-11 21:00:55,Weak,3,4
2026-01-11 21:00:55,Weak,4,8
2026-01-11 21:00:55,Weak,4,6
2026-01-11 21:00:55,Strong,4,5
2026-01-11 21:00:55,Weak,5,7
2026-01-11 21:00:55,Weak,3,1
2026-01-11 21:00:55,Strong,6,6
2026-01-11 21:00:55,Strong,7,8
2026-01-11 21:00:55,Strong,6,4
2026-01-11 21:00:55,Strong,6,9
2026-01-11 21:00:55,Weak,5,1
2026-01-11 21:00:55,Strong,7,10
2026-01-11 21:00:55,Weak,8,9
2026-01-11 21:00:55,Strong,9,1
2026-01-11 21:01:02,Strong,2,8
2026-01-11 21:01:02,Weak,2,6
2026-01-11 21:01:02,Weak,2,2
2026-01-11 21:01:02,Weak,1,10
2026-01-11 21:01:02,Weak,3,8
2026-01-11 21:01:02,Weak,3,5
2026-01-11 21:01:02,Weak,5,6
2026-01-11 21:01:02,Strong,4,6
2026-01-11 21:01:02,Weak,6,7
2026-01-11 21:01:02,Weak,3,0
2026-01-11 21:01:02,Strong,5,2
2026-01-11 21:01:02,Strong,7,6
2026-01-11 21:01:02,Strong,8,8
2026-01-11 21:01:02,Strong,5,9
2026-01-11 21:01:02,Weak,6,1
2026-01-11 21:01:02,Strong,2,1
2026-01-11 21:01:02,Weak,0,5
2026-01-11 21:01:02,Weak,1,6
2026-01-11 21:01:02,Weak,2,10
2026-01-11 21:01:02,Weak,4,2
2026-01-11 21:01:02,Weak,3,6
2026-01-11 21:01:02,Weak,4,7
2026-01-11 21:01:02,Weak,6,6
2026-01-11 21:01:02,Weak,2,0
2026-01-11 21:01:02,Strong,5,3
2026-01-11 21:01:02,Strong,8,7
2026-01-11 21:01:02,Strong,7,4
2026-01-11 21:01:02,Strong,4,9
2026-01-11 21:01:02,Weak,5,1
2026-01-11 21:01:02,Weak,8,6
2026-01-11 21:01:02,Strong,8,10
2026-01-11 21:01:02,Weak,9,9
2026-01-11 21:01:02,Strong,10,9
2026-01-11 21:01:02,Strong,8,1
2026-01-11 21:01:02,Strong,1,1
2026-01-11 21:01:02,Strong,2,9
2026-01-11 21:01:02,Weak,1,7
2026-01-11 21:01:02,Weak,1,2
2026-01-11 21:01:02,Weak,2,8
2026-01-11 21:01:02,Weak,4,3
2026-01-11 21:01:02,Weak,3,7
2026-01-11 21:01:02,Weak,5,5
2026-01-11 21:01:02,Weak,3,0
2026-01-11 21:01:02,Strong,7,7
2026-01-11 21:01:02,Strong,6,4
2026-01-11 21:01:02,Strong,4,8
2026-01-11 21:01:02,Weak,5,0
2026-01-11 21:01:02,Weak,8,7
2026-01-11 21:01:02,Weak,8,9
2026-01-11 21:01:02,Strong,10,10
2026-01-11 21:01:02,Strong,2,1
2026-01-11 21:01:02,Weak,0,6
2026-01-11 21:01:02,Strong,0,10
2026-01-11 21:01:02,Weak,1,8
2026-01-11 21:01:02,Weak,3,8
2026-01-11 21:01:02,Weak,4,4
2026-01-11 21:01:02,Weak,5,6
2026-01-11 21:01:02,Strong,3,6
2026-01-11 21:01:02,Weak,6,7
2026-01-11 21:01:02,Weak,2,0
2026-01-11 21:01:02,Strong,5,2
2026-01-11 21:01:02,Strong,8,6
2026-01-11 21:01:02,Strong,4,9
2026-01-11 21:01:02,Weak,4,0
2026-01-11 21:01:02,Strong,7,10
2026-01-11 21:01:02,Weak,5,0
2026-01-11 21:01:02,Weak,8,8
2026-01-11 21:01:02,Strong,10,9
2026-01-11 21:01:02,Strong,9,1
2026-01-11 21:01:02,Strong,2,2
2026-01-11 21:01:02,Weak,0,5
2026-01-11 21:01:02,Strong,3,9
2026-01-11 21:01:02,Weak,1,7
2026-01-11 21:01:02,Weak,2,9
2026-01-11 21:01:02,Weak,2,8
2026-01-11 21:01:02,Weak,5,4
2026-01-11 21:01:02,Weak,2,7
2026-01-11 21:01:02,Weak,4,8
2026-01-11 21:01:02,Weak,4,6
2026-01-11 21:01:02,Strong,3,7
2026-01-11 21:01:02,Weak,3,0
2026-01-11 21:01:02,Strong,7,6
2026-01-11 21:01:02,Strong,7,8
2026-01-11 21:01:02,Strong,6,5
2026-01-11 21:01:02,Weak,7,7
2026-01-11 21:01:02,Weak,6,0
2026-01-11 21:01:02,Strong,10,10
2026-01-11 21:01:02,Weak,1,8
2026-01-11 21:01:02,Weak,1,3
2026-01-11 21:01:02,Weak,3,8
2026-01-11 21:01:02,Weak,5,5
2026-01-11 21:01:02,Weak,4,5
2026-01-11 21:01:02,Weak,5,7
2026-01-11 21:01:02,Strong,5,1
2026-01-11 21:01:02,Strong,6,6
2026-01-11 21:01:02,Weak,7,6
2026-01-11 21:01:02,Weak,5,0
2026-01-11 21:01:02,Strong,10,9
2026-01-11 21:01:09,Strong,2,3
2026-01-11 21:01:09,Weak,0,6
2026-01-11 21:01:09,Weak,2,8
2026-01-11 21:01:09,Weak,0,3
2026-01-11 21:01:09,Weak,1,2
2026-01-11 21:01:09,Weak,2,6
2026-01-11 21:01:09,Weak,5,8
2026-01-11 21:01:09,Weak,4,4
2026-01-11 21:01:09,Strong,4,7
2026-01-11 21:01:09,Weak,3,1
2026-01-11 21:01:09,Strong,4,1
2026-01-11 21:01:09,Strong,5,6
2026-01-11 21:01:09,Strong,7,9
2026-01-11 21:01:09,Strong,7,5
2026-01-11 21:01:09,Weak,6,0
2026-01-11 21:01:09,Weak,8,7
2026-01-11 21:01:09,Strong,10,1
2026-01-11 21:01:09,Strong,1,3
2026-01-11 21:01:09,Weak,0,5
2026-01-11 21:01:09,Strong,1,10
2026-01-11 21:01:09,Weak,0,4
2026-01-11 21:01:09,Weak,3,7
2026-01-11 21:01:09,Weak,2,7
2026-01-11 21:01:09,Weak,4,5
2026-01-11 21:01:09,Weak,6,7
2026-01-11 21:01:09,Weak,3,0
2026-01-11 21:01:09,Strong,5,7
2026-01-11 21:01:09,Strong,6,9
2026-01-11 21:01:09,Weak,6,6
2026-01-11 21:01:09,Strong,7,9
2026-01-11 21:01:09,Weak,5,0
2026-01-11 21:01:09,Weak,8,6
2026-01-11 21:01:09,Strong,9,9
2026-01-11 21:01:09,Strong,9,1
2026-01-11 21:01:09,Strong,1,4
2026-01-11 21:01:09,Weak,0,6
2026-01-11 21:01:09,Weak,2,2
2026-01-11 21:01:09,Weak,1,9
2026-01-11 21:01:09,Weak,3,8
2026-01-11 21:01:09,Weak,5,6
2026-01-11 21:01:09,Weak,5,9
2026-01-11 21:01:09,Weak,3,5
2026-01-11 21:01:09,Strong,3,7
2026-01-11 21:01:09,Weak,2,0
2026-01-11 21:01:09,Strong,4,2
2026-01-11 21:01:09,Strong,4,7
2026-01-11 21:01:09,Strong,7,4
2026-01-11 21:01:09,Strong,8,9
2026-01-11 21:01:09,Weak,5,1
2026-01-11 21:01:09,Weak,7,6
2026-01-11 21:01:09,Strong,8,1
2026-01-11 21:01:09,Strong,2,4
2026-01-11 21:01:09,Weak,0,7
2026-01-11 21:01:09,Weak,1,4
2026-01-11 21:01:09,Weak,1,8
2026-01-11 21:01:09,Weak,4,8
2026-01-11 21:01:09,Weak,5,7
2026-01-11 21:01:09,Weak,3,6
2026-01-11 21:01:09,Weak,1,0
2026-01-11 21:01:09,Strong,6,8
2026-01-11 21:01:09,Strong,7,3
2026-01-11 21:01:09,Weak,4,1
2026-01-11 21:01:09,Weak,6,5
2026-01-11 21:01:09,Weak,7,7
2026-01-11 21:01:09,Strong,3,4
2026-01-11 21:01:09,Weak,1,7
2026-01-11 21:01:09,Weak,3,8
2026-01-11 21:01:09,Weak,1,3
2026-01-11 21:01:09,Weak,2,1
2026-01-11 21:01:09,Weak,2,8
2026-01-11 21:01:09,Weak,4,6
2026-01-11 21:01:09,Weak,0,0
2026-01-11 21:01:09,Strong,5,2
2026-01-11 21:01:09,Strong,5,8
2026-01-11 21:01:09,Strong,8,3
2026-01-11 21:01:09,Weak,4,2
2026-01-11 21:01:09,Weak,5,5
2026-01-11 21:01:09,Strong,8,8
2026-01-11 21:01:09,Weak,4,1
2026-01-11 21:01:09,Weak,7,8
2026-01-11 21:01:09,Strong,8,9
2026-01-11 21:01:09,Strong,8,2
2026-01-11 21:01:09,Strong,3,5
2026-01-11 21:01:09,Weak,2,7
2026-01-11 21:01:09,Strong,2,10
2026-01-11 21:01:09,Weak,2,3
2026-01-11 21:01:09,Weak,3,1
2026-01-11 21:01:09,Weak,1,7
2026-01-11 21:01:09,Weak,2,9
2026-01-11 21:01:09,Weak,6,9
2026-01-11 21:01:09,Weak,6,6
2026-01-11 21:01:09,Weak,1,0
2026-01-11 21:01:09,Strong,6,8
2026-01-11 21:01:09,Strong,7,3
2026-01-11 21:01:09,Weak,5,6
2026-01-11 21:01:09,Strong,8,7
2026-01-11 21:01:09,Weak,5,1
2026-01-11 21:01:09,Strong,8,10
2026-01-11 21:01:09,Strong,8,1
2026-01-11 21:01:16,Strong,3,4
2026-01-11 21:01:16,Weak,2,8
2026-01-11 21:01:16,Weak,1,3
2026-01-11 21:01:16,Weak,4,1
2026-01-11 21:01:16,Weak,2,7
2026-01-11 21:01:16,Weak,6,7
2026-01-11 21:01:16,Weak,7,9
2026-01-11 21:01:16,Weak,4,5
2026-01-11 21:01:16,Weak,1,1
2026-01-11 21:01:16,Strong,5,8
2026-01-11 21:01:16,Strong,8,3
2026-01-11 21:01:16,Weak,5,5
2026-01-11 21:01:16,Strong,8,8
2026-01-11 21:01:16,Strong,9,10
2026-01-11 21:01:16,Strong,8,2
2026-01-11 21:01:16,Strong,3,3
2026-01-11 21:01:16,Weak,1,4
2026-01-11 21:01:16,Weak,1,7
2026-01-11 21:01:16,Weak,6,9
2026-01-11 21:01:16,Weak,4,6
2026-01-11 21:01:16,Weak,7,6
2026-01-11 21:01:16,Weak,2,1
2026-01-11 21:01:16,Weak,4,3
2026-01-11 21:01:16,Weak,5,6
2026-01-11 21:01:16,Weak,7,7
2026-01-11 21:01:16,Strong,8,10
2026-01-11 21:01:16,Strong,10,9
2026-01-11 21:01:16,Strong,2,3
2026-01-11 21:01:16,Weak,2,7
2026-01-11 21:01:16,Weak,2,4
2026-01-11 21:01:16,Weak,4,2
2026-01-11 21:01:16,Weak,1,6
2026-01-11 21:01:16,Weak,5,7
2026-01-11 21:01:16,Weak,1,9
2026-01-11 21:01:16,Weak,5,9
2026-01-11 21:01:16,Weak,3,6
2026-01-11 21:01:16,Weak,1,1
2026-01-11 21:01:16,Weak,4,4
2026-01-11 21:01:16,Weak,4,6
2026-01-11 21:01:16,Strong,8,9
2026-01-11 21:01:16,Strong,7,10
2026-01-11 21:01:16,Strong,7,2
2026-01-11 21:01:16,Strong,10,8
2026-01-11 21:01:16,Strong,1,3
2026-01-11 21:01:16,Weak,2,3
2026-01-11 21:01:16,Weak,4,3
2026-01-11 21:01:16,Weak,1,7
2026-01-11 21:01:16,Weak,6,7
2026-01-11 21:01:16,Weak,2,9
2026-01-11 21:01:16,Weak,2,6
2026-01-11 21:01:16,Weak,6,6
2026-01-11 21:01:16,Weak,1,0
2026-01-11 21:01:16,Strong,5,7
2026-01-11 21:01:16,Strong,8,2
2026-01-11 21:01:16,Weak,3,4
2026-01-11 21:01:16,Weak,4,5
2026-01-11 21:01:16,Strong,9,9
2026-01-11 21:01:16,Weak,5,0
2026-01-11 21:01:16,Weak,7,6
2026-01-11 21:01:16,Strong,0,3
2026-01-11 21:01:16,Weak,1,3
2026-01-11 21:01:16,Weak,4,2
2026-01-11 21:01:16,Weak,1,6
2026-01-11 21:01:16,Weak,4,7
2026-01-11 21:01:16,Weak,7,7
2026-01-11 21:01:16,Weak,2,8
2026-01-11 21:01:16,Weak,3,6
2026-01-11 21:01:16,Weak,6,5
2026-01-11 21:01:16,Weak,0,0
2026-01-11 21:01:16,Strong,5,3
2026-01-11 21:01:16,Strong,8,3
2026-01-11 21:01:16,Weak,2,4
2026-01-11 21:01:16,Weak,4,4
2026-01-11 21:01:16,Weak,8,6
2026-01-11 21:01:16,Strong,8,2
2026-01-11 21:01:16,Strong,1,10
2026-01-11 21:01:16,Weak,2,3
2026-01-11 21:01:16,Weak,4,3
2026-01-11 21:01:16,Weak,2,6
2026-01-11 21:01:16,Weak,4,6
2026-01-11 21:01:16,Weak,6,7
2026-01-11 21:01:16,Weak,6,9
2026-01-11 21:01:16,Weak,3,5
2026-01-11 21:01:16,Weak,6,6
2026-01-11 21:01:16,Weak,1,0
2026-01-11 21:01:16,Strong,4,7
2026-01-11 21:01:16,Strong,5,9
2026-01-11 21:01:16,Weak,2,5
2026-01-11 21:01:16,Weak,5,4
2026-01-11 21:01:16,Strong,8,9
2026-01-11 21:01:16,Weak,7,6
2026-01-11 21:01:16,Strong,10,9
2026-01-11 21:01:24,Strong,0,2
2026-01-11 21:01:24,Strong,1,9
2026-01-11 21:01:24,Weak,2,4
2026-01-11 21:01:24,Weak,3,3
2026-01-11 21:01:24,Weak,3,6
2026-01-11 21:01:24,Weak,5,7
2026-01-11 21:01:24,Weak,1,8
2026-01-11 21:01:24,Weak,7,9
2026-01-11 21:01:24,Weak,5,6
2026-01-11 21:01:24,Strong,5,2
2026-01-11 21:01:24,Weak,2,6
2026-01-11 21:01:24,Weak,5,3
2026-01-11 21:01:24,Strong,8,10
2026-01-11 21:01:24,Weak,6,0
2026-01-11 21:01:24,Weak,6,6
2026-01-11 21:01:24,Strong,9,9
2026-01-11 21:01:24,Strong,0,3
2026-01-11 21:01:24,Strong,1,10
2026-01-11 21:01:24,Weak,2,3
2026-01-11 21:01:24,Weak,6,7
2026-01-11 21:01:24,Weak,0,8
2026-01-11 21:01:24,Weak,7,8
2026-01-11 21:01:24,Weak,1,1
2026-01-11 21:01:24,Strong,5,7
2026-01-11 21:01:24,Weak,2,5
2026-01-11 21:01:24,Weak,5,4
2026-01-11 21:01:24,Strong,9,10
2026-01-11 21:01:24,Weak,7,0
2026-01-11 21:01:24,Strong,7,9
2026-01-11 21:01:24,Strong,10,9
2026-01-11 21:01:24,Weak,2,8
2026-01-11 21:01:24,Strong,2,10
2026-01-11 21:01:24,Weak,1,3
2026-01-11 21:01:24,Weak,4,3
2026-01-11 21:01:24,Weak,6,8
2026-01-11 21:01:24,Weak,0,9
2026-01-11 21:01:24,Weak,8,8
2026-01-11 21:01:24,Weak,3,4
2026-01-11 21:01:24,Strong,2,7
2026-01-11 21:01:24,Weak,1,2
2026-01-11 21:01:24,Strong,4,2
2026-01-11 21:01:24,Strong,5,8
2026-01-11 21:01:24,Weak,6,4
2026-01-11 21:01:24,Strong,9,9
2026-01-11 21:01:24,Weak,6,0
2026-01-11 21:01:24,Weak,7,6
2026-01-11 21:01:24,Strong,6,9
2026-01-11 21:01:24,Strong,7,2
2026-01-11 21:01:24,Strong,0,2
2026-01-11 21:01:24,Weak,3,7
2026-01-11 21:01:24,Weak,0,3
2026-01-11 21:01:24,Weak,3,3
2026-01-11 21:01:24,Weak,7,8
2026-01-11 21:01:24,Weak,1,9
2026-01-11 21:01:24,Weak,8,9
2026-01-11 21:01:24,Weak,2,4
2026-01-11 21:01:24,Strong,1,7
2026-01-11 21:01:24,Weak,5,7
2026-01-11 21:01:24,Weak,2,2
2026-01-11 21:01:24,Strong,4,3
2026-01-11 21:01:24,Strong,8,2
2026-01-11 21:01:24,Weak,3,5
2026-01-11 21:01:24,Weak,7,4
2026-01-11 21:01:24,Weak,6,1
2026-01-11 21:01:24,Weak,7,5
2026-01-11 21:01:24,Strong,7,9
2026-01-11 21:01:24,Strong,10,8
2026-01-11 21:01:24,Strong,1,2
2026-01-11 21:01:24,Weak,3,8
2026-01-11 21:01:24,Weak,4,7
2026-01-11 21:01:24,Weak,2,6
2026-01-11 21:01:24,Weak,5,6
2026-01-11 21:01:24,Weak,6,8
2026-01-11 21:01:24,Weak,1,10
2026-01-11 21:01:24,Weak,8,8
2026-01-11 21:01:24,Weak,2,3
2026-01-11 21:01:24,Strong,1,8
2026-01-11 21:01:24,Strong,5,3
2026-01-11 21:01:24,Weak,4,5
2026-01-11 21:01:24,Weak,6,4
2026-01-11 21:01:24,Strong,9,10
2026-01-11 21:01:24,Weak,7,1
2026-01-11 21:01:24,Weak,7,4
2026-01-11 21:01:24,Strong,7,8
2026-01-11 21:01:24,Strong,7,3
2026-01-11 21:01:24,Strong,10,9
2026-01-11 21:01:24,Weak,2,8
2026-01-11 21:01:24,Strong,2,9
2026-01-11 21:01:24,Weak,4,6
2026-01-11 21:01:24,Weak,1,3
2026-01-11 21:01:24,Weak,3,4
2026-01-11 21:01:24,Weak,3,6
2026-01-11 21:01:24,Weak,5,5
2026-01-11 21:01:24,Weak,1,9
2026-01-11 21:01:24,Weak,8,9
2026-01-11 21:01:24,Weak,3,3
2026-01-11 21:01:24,Weak,4,7
2026-01-11 21:01:24,Strong,5,2
2026-01-11 21:01:24,Strong,6,9
2026-01-11 21:01:24,Strong,7,2
2026-01-11 21:01:24,Strong,5,9
2026-01-11 21:01:24,Weak,4,4
2026-01-11 21:01:24,Strong,8,10
2026-01-11 21:01:24,Weak,6,1
2026-01-11 21:01:24,Strong,8,8
2026-01-11 21:01:24,Strong,9,9
2026-01-11 21:01:28,Weak,2,7
2026-01-11 21:01:28,Weak,1,4
2026-01-11 21:01:28,Weak,2,4
2026-01-11 21:01:28,Weak,2,6
2026-01-11 21:01:28,Weak,4,5
2026-01-11 21:01:28,Strong,1,7
2026-01-11 21:01:28,Weak,5,7
2026-01-11 21:01:28,Strong,5,1
2026-01-11 21:01:28,Strong,8,2
2026-01-11 21:01:28,Weak,3,4
2026-01-11 21:01:28,Weak,6,5
2026-01-11 21:01:28,Weak,7,1
2026-01-11 21:01:28,Weak,6,4
2026-01-11 21:01:28,Strong,7,2
2026-01-11 21:01:28,Strong,10,9
2026-01-11 21:01:28,Strong,0,2
2026-01-11 21:01:28,Strong,3,9
2026-01-11 21:01:28,Weak,3,6
2026-01-11 21:01:28,Weak,1,3
2026-01-11 21:01:28,Weak,2,5
2026-01-11 21:01:28,Weak,5,5
2026-01-11 21:01:28,Weak,6,7
2026-01-11 21:01:28,Weak,2,9
2026-01-11 21:01:28,Weak,7,9
2026-01-11 21:01:28,Strong,1,6
2026-01-11 21:01:28,Weak,5,6
2026-01-11 21:01:28,Weak,2,3
2026-01-11 21:01:28,Strong,6,1
2026-01-11 21:01:28,Strong,4,8
2026-01-11 21:01:28,Strong,8,3
2026-01-11 21:01:28,Weak,2,4
2026-01-11 21:01:28,Weak,7,0
2026-01-11 21:01:28,Weak,7,4
2026-01-11 21:01:28,Strong,7,1
2026-01-11 21:01:28,Weak,1,7
2026-01-11 21:01:28,Strong,4,9
2026-01-11 21:01:28,Strong,1,10
2026-01-11 21:01:28,Weak,4,6
2026-01-11 21:01:28,Weak,4,5
2026-01-11 21:01:28,Weak,6,6
2026-01-11 21:01:28,Weak,2,8
2026-01-11 21:01:28,Weak,8,9
2026-01-11 21:01:28,Weak,4,3
2026-01-11 21:01:28,Weak,5,7
2026-01-11 21:01:28,Strong,6,0
2026-01-11 21:01:28,Strong,3,8
2026-01-11 21:01:28,Strong,7,3
2026-01-11 21:01:28,Weak,1,4
2026-01-11 21:01:28,Weak,5,5
2026-01-11 21:01:28,Strong,7,10
2026-01-11 21:01:28,Strong,7,8
2026-01-11 21:01:28,Strong,6,1
2026-01-11 21:01:28,Weak,0,7
2026-01-11 21:01:28,Strong,1,9
2026-01-11 21:01:28,Weak,2,4
2026-01-11 21:01:28,Weak,4,4
2026-01-11 21:01:28,Weak,6,7
2026-01-11 21:01:28,Weak,2,7
2026-01-11 21:01:28,Weak,8,8
2026-01-11 21:01:28,Strong,0,6
2026-01-11 21:01:28,Weak,5,8
2026-01-11 21:01:28,Weak,3,3
2026-01-11 21:01:28,Strong,4,8
2026-01-11 21:01:28,Weak,0,4
2026-01-11 21:01:28,Weak,5,4
2026-01-11 21:01:28,Weak,7,5
2026-01-11 21:01:28,Strong,6,8
2026-01-11 21:01:28,Strong,10,8
2026-01-11 21:01:28,Weak,1,7
2026-01-11 21:01:28,Strong,3,9
2026-01-11 21:01:28,Strong,2,9
2026-01-11 21:01:28,Weak,4,7
2026-01-11 21:01:28,Weak,2,3
2026-01-11 21:01:28,Weak,3,4
2026-01-11 21:01:28,Weak,3,6
2026-01-11 21:01:28,Weak,4,5
2026-01-11 21:01:28,Weak,7,7
2026-01-11 21:01:28,Weak,8,7
2026-01-11 21:01:28,Weak,4,4
2026-01-11 21:01:28,Strong,0,5
2026-01-11 21:01:28,Weak,5,7
2026-01-11 21:01:28,Weak,4,3
2026-01-11 21:01:28,Strong,8,3
2026-01-11 21:01:28,Strong,5,8
2026-01-11 21:01:28,Weak,6,4
2026-01-11 21:01:28,Strong,7,9
2026-01-11 21:01:28,Weak,8,5
2026-01-11 21:01:28,Strong,6,7
2026-01-11 21:01:28,Strong,7,1
2026-01-11 21:01:28,Weak,1,6
2026-01-11 21:01:28,Strong,4,9
2026-01-11 21:01:28,Strong,2,8
2026-01-11 21:01:28,Weak,3,3
2026-01-11 21:01:28,Weak,3,5
2026-01-11 21:01:28,Weak,7,8
2026-01-11 21:01:28,Weak,3,7
2026-01-11 21:01:28,Weak,8,8
2026-01-11 21:01:28,Weak,4,2
2026-01-11 21:01:28,Strong,5,0
2026-01-11 21:01:28,Strong,5,9
2026-01-11 21:01:28,Strong,6,8
2026-01-11 21:01:28,Weak,7,4
2026-01-11 21:01:28,Strong,6,9
2026-01-11 21:01:28,Weak,6,0
2026-01-11 21:01:28,Weak,7,5
2026-01-11 21:01:28,Strong,7,7
2026-01-11 21:01:28,Strong,6,1
2026-01-11 21:01:28,Strong,10,9
2026-01-11 21:08:26,Weak,2,2
2026-01-11 21:08:26,Weak,3,3
2026-01-11 21:08:26,Strong,5,4
2026-01-11 21:08:26,Weak,8,7
2026-01-11 21:08:26,Weak,10,4
2026-01-11 21:08:26,Weak,2,3
2026-01-11 21:08:26,Weak,3,8
2026-01-11 21:08:26,Weak,3,2
2026-01-11 21:08:26,Strong,7,0
2026-01-11 21:08:26,Weak,6,5
2026-01-11 21:08:26,Weak,8,8
2026-01-11 21:08:26,Strong,0,8
2026-01-11 21:08:26,Weak,2,4
2026-01-11 21:08:26,Weak,3,7
2026-01-11 21:08:26,Weak,2,3
2026-01-11 21:08:26,Weak,2,2
2026-01-11 21:08:26,Weak,6,0
2026-01-11 21:08:26,Weak,6,4
2026-01-11 21:08:26,Strong,6,5
2026-01-11 21:08:26,Weak,8,9
2026-01-11 21:08:26,Weak,1,2
2026-01-11 21:08:26,Strong,1,8
2026-01-11 21:08:26,Strong,2,1
2026-01-11 21:08:26,Weak,6,6
2026-01-11 21:08:26,Strong,4,8
2026-01-11 21:08:26,Weak,5,8
2026-01-11 21:08:26,Weak,7,5
2026-01-11 21:08:26,Weak,8,8
2026-01-11 21:08:26,Strong,0,8
2026-01-11 21:08:26,Weak,2,0
2026-01-11 21:08:26,Weak,3,3
2026-01-11 21:08:26,Weak,6,1
2026-01-11 21:08:26,Strong,5,6
2026-01-11 21:08:26,Weak,6,3
2026-01-11 21:08:26,Strong,6,4
2026-01-11 21:08:26,Strong,1,1
2026-01-11 21:08:26,Weak,2,3
2026-01-11 21:08:26,Weak,2,1
2026-01-11 21:08:26,Weak,7,1
2026-01-11 21:08:26,Strong,5,7
2026-01-11 21:08:26,Strong,4,4
2026-01-11 21:08:26,Strong,5,4
2026-01-11 21:08:26,Weak,8,9
2026-01-11 21:08:52,Weak,2,2
2026-01-11 21:08:52,Weak,3,4
2026-01-11 21:08:52,Weak,6,1
2026-01-11 21:08:52,Weak,6,5
2026-01-11 21:08:52,Strong,6,4
2026-01-11 21:08:52,Strong,10,6
2026-01-11 21:08:52,Weak,1,2
2026-01-11 21:08:52,Weak,3,0
2026-01-11 21:08:52,Weak,2,2
2026-01-11 21:08:52,Strong,7,1
2026-01-11 21:08:52,Weak,8,8
2026-01-11 21:08:52,Weak,10,5
2026-01-11 21:08:52,Weak,2,4
2026-01-11 21:08:52,Weak,3,8
2026-01-11 21:08:52,Weak,2,3
2026-01-11 21:08:52,Weak,2,2
2026-01-11 21:08:52,Weak,6,0
2026-01-11 21:08:52,Strong,5,4
2026-01-11 21:08:52,Weak,8,7
2026-01-11 21:08:52,Strong,2,1
2026-01-11 21:08:52,Weak,2,8
2026-01-11 21:08:52,Weak,3,3
2026-01-11 21:08:52,Weak,6,1
2026-01-11 21:08:52,Weak,6,4
2026-01-11 21:08:52,Weak,10,4
2026-01-11 21:08:52,Strong,10,5
2026-01-11 21:08:52,Strong,1,8
2026-01-11 21:08:52,Strong,2,0
2026-01-11 21:08:52,Weak,3,8
2026-01-11 21:08:52,Weak,3,2
2026-01-11 21:08:52,Weak,6,0
2026-01-11 21:08:52,Strong,6,1
2026-01-11 21:08:52,Strong,3,4
2026-01-11 21:08:52,Weak,6,3
2026-01-11 21:08:52,Strong,6,4
2026-01-11 21:08:52,Weak,8,8
2026-01-11 21:08:52,Strong,10,6
2026-01-11 21:08:52,Strong,2,8
2026-01-11 21:08:52,Weak,4,2
2026-01-11 21:08:52,Weak,2,3
2026-01-11 21:08:52,Weak,5,0
2026-01-11 21:08:52,Strong,5,6
2026-01-11 21:08:52,Strong,5,1
2026-01-11 21:08:52,Strong,3,3
2026-01-11 21:08:52,Weak,8,7
2026-01-11 21:09:28,Weak,0,3
2026-01-11 21:09:28,Weak,1,2
2026-01-11 21:09:28,Strong,0,7
2026-01-11 21:09:28,Strong,1,9
2026-01-11 21:09:28,Weak,1,0
2026-01-11 21:09:28,Strong,2,8
2026-01-11 21:09:28,Strong,3,2
2026-01-11 21:09:28,Weak,5,4
2026-01-11 21:09:28,Strong,6,1
2026-01-11 21:09:28,Weak,6,9
2026-01-11 21:09:28,Strong,9,9
2026-01-11 21:09:28,Weak,0,4
2026-01-11 21:09:28,Weak,0,2
2026-01-11 21:09:28,Weak,1,4
2026-01-11 21:09:28,Strong,2,9
2026-01-11 21:09:28,Weak,5,1
2026-01-11 21:09:28,Strong,4,2
2026-01-11 21:09:28,Weak,4,4
2026-01-11 21:09:28,Weak,4,9
2026-01-11 21:09:28,Weak,6,0
2026-01-11 21:09:28,Weak,7,0
2026-01-11 21:09:28,Weak,0,1
2026-01-11 21:09:28,Strong,1,7
2026-01-11 21:09:28,Weak,5,2
2026-01-11 21:09:28,Weak,4,5
2026-01-11 21:09:28,Weak,5,9
2026-01-11 21:09:28,Weak,8,0
2026-01-11 21:09:28,Weak,1,9
2026-01-11 21:09:28,Weak,1,1
2026-01-11 21:09:28,Weak,1,3
2026-01-11 21:09:28,Weak,1,4
2026-01-11 21:09:28,Weak,5,1
2026-01-11 21:09:28,Strong,4,3
2026-01-11 21:09:28,Weak,6,8
2026-01-11 21:09:28,Weak,7,0
2026-01-11 21:09:28,Weak,10,0
2026-01-11 21:09:28,Weak,1,8
2026-01-11 21:09:29,Strong,1,6
2026-01-11 21:09:29,Weak,0,0
2026-01-11 21:09:29,Weak,2,4
2026-01-11 21:09:29,Weak,5,2
2026-01-11 21:09:29,Strong,5,3
2026-01-11 21:09:29,Strong,5,6
2026-01-11 21:09:29,Weak,5,0
2026-01-11 21:09:29,Weak,6,9
2026-01-11 21:09:29,Weak,8,0
2026-01-11 21:09:29,Weak,8,9
2026-01-11 21:09:29,Weak,9,0
2026-01-11 21:09:29,Weak,8,6
2026-01-11 21:09:29,Weak,9,6
2026-01-11 21:09:29,Weak,0,8
2026-01-11 21:09:29,Weak,0,1
2026-01-11 21:09:29,Weak,1,4
2026-01-11 21:09:29,Weak,1,0
2026-01-11 21:09:29,Strong,1,3
2026-01-11 21:09:29,Weak,2,3
2026-01-11 21:09:29,Strong,1,8
2026-01-11 21:09:29,Weak,6,2
2026-01-11 21:09:29,Strong,5,2
2026-01-11 21:09:29,Weak,4,4
2026-01-11 21:09:29,Strong,5,7
2026-01-11 21:09:29,Weak,4,9
2026-01-11 21:09:29,Weak,7,4
2026-01-11 21:09:29,Weak,6,8
2026-01-11 21:09:29,Weak,8,10
2026-01-11 21:09:35,Weak,0,9
2026-01-11 21:09:35,Weak,1,1
2026-01-11 21:09:35,Weak,0,0
2026-01-11 21:09:35,Weak,1,2
2026-01-11 21:09:35,Strong,0,8
2026-01-11 21:09:35,Weak,6,3
2026-01-11 21:09:35,Strong,5,1
2026-01-11 21:09:35,Weak,4,3
2026-01-11 21:09:35,Weak,7,3
2026-01-11 21:09:35,Weak,7,0
2026-01-11 21:09:35,Strong,8,0
2026-01-11 21:09:35,Strong,8,9
2026-01-11 21:09:35,Weak,10,0
2026-01-11 21:09:35,Weak,8,8
2026-01-11 21:09:35,Strong,1,7
2026-01-11 21:09:35,Strong,1,9
2026-01-11 21:09:35,Weak,0,2
2026-01-11 21:09:35,Weak,4,4
2026-01-11 21:09:35,Strong,4,1
2026-01-11 21:09:35,Weak,4,2
2026-01-11 21:09:35,Strong,4,7
2026-01-11 21:09:35,Strong,6,2
2026-01-11 21:09:35,Weak,4,0
2026-01-11 21:09:35,Strong,8,1
2026-01-11 21:09:35,Weak,1,0
2026-01-11 21:09:35,Strong,1,6
2026-01-11 21:09:35,Weak,0,1
2026-01-11 21:09:35,Strong,0,3
2026-01-11 21:09:35,Weak,2,2
2026-01-11 21:09:35,Strong,0,7
2026-01-11 21:09:35,Weak,1,10
2026-01-11 21:09:35,Weak,4,3
2026-01-11 21:09:35,Strong,5,7
2026-01-11 21:09:35,Weak,5,9
2026-01-11 21:09:35,Weak,6,7
2026-01-11 21:09:35,Weak,8,0
2026-01-11 21:09:35,Weak,9,0
2026-01-11 21:09:35,Weak,10,6
2026-01-11 21:09:35,Weak,2,0
2026-01-11 21:09:35,Weak,2,4
2026-01-11 21:09:35,Strong,1,5
2026-01-11 21:09:35,Strong,2,9
2026-01-11 21:09:35,Weak,0,0
2026-01-11 21:09:35,Weak,2,10
2026-01-11 21:09:35,Weak,5,3
2026-01-11 21:09:35,Strong,5,2
2026-01-11 21:09:35,Weak,5,0
2026-01-11 21:09:35,Weak,7,4
2026-01-11 21:09:35,Weak,6,8
2026-01-11 21:09:35,Weak,10,0
2026-01-11 21:09:35,Weak,10,5
2026-01-11 21:09:35,Weak,2,3
2026-01-11 21:09:35,Strong,1,6
2026-01-11 21:09:35,Strong,1,9
2026-01-11 21:09:35,Weak,1,2
2026-01-11 21:09:35,Strong,0,2
2026-01-11 21:09:35,Weak,3,2
2026-01-11 21:09:35,Strong,0,8
2026-01-11 21:09:35,Weak,5,4
2026-01-11 21:09:35,Strong,6,7
2026-01-11 21:09:35,Weak,4,0
2026-01-11 21:09:35,Weak,7,5
2026-01-11 21:09:35,Weak,6,9
2026-01-11 21:09:35,Weak,9,0
2026-01-11 21:09:35,Weak,9,5
2026-01-11 21:09:35,Strong,10,6
2026-01-11 21:09:35,Weak,2,2
2026-01-11 21:09:35,Strong,0,6
2026-01-11 21:09:35,Strong,1,8
2026-01-11 21:09:35,Weak,1,3
2026-01-11 21:09:35,Strong,0,1
2026-01-11 21:09:35,Weak,1,10
2026-01-11 21:09:35,Weak,5,3
2026-01-11 21:09:35,Strong,5,1
2026-01-11 21:09:35,Strong,7,7
2026-01-11 21:09:35,Weak,4,9
2026-01-11 21:09:35,Strong,6,2
2026-01-11 21:09:35,Weak,8,0
2026-01-11 21:09:35,Strong,7,9
2026-01-11 21:09:35,Weak,9,8
2026-01-11 21:09:35,Weak,9,4
2026-01-11 21:09:35,Strong,9,6
2026-01-11 21:09:51,Weak,1,9
2026-01-11 21:09:51,Weak,1,2
2026-01-11 21:09:51,Strong,1,1
2026-01-11 21:09:51,Strong,6,1
2026-01-11 21:09:51,Weak,4,1
2026-01-11 21:09:51,Strong,6,7
2026-01-11 21:09:51,Weak,5,9
2026-01-11 21:09:51,Strong,5,2
2026-01-11 21:09:51,Weak,7,0
2026-01-11 21:09:51,Weak,8,8
2026-01-11 21:09:51,Weak,9,5
2026-01-11 21:09:51,Weak,0,3
2026-01-11 21:09:51,Weak,1,0
2026-01-11 21:09:51,Strong,1,6
2026-01-11 21:09:51,Strong,2,8
2026-01-11 21:09:51,Strong,0,1
2026-01-11 21:09:51,Weak,4,2
2026-01-11 21:09:51,Strong,1,8
2026-01-11 21:09:51,Weak,5,4
2026-01-11 21:09:51,Weak,6,2
2026-01-11 21:09:51,Strong,6,8
2026-01-11 21:09:51,Strong,5,1
2026-01-11 21:09:51,Weak,8,0
2026-01-11 21:09:51,Weak,8,9
2026-01-11 21:09:51,Weak,10,5
2026-01-11 21:09:51,Weak,0,2
2026-01-11 21:09:51,Weak,0,9
2026-01-11 21:09:51,Strong,2,9
2026-01-11 21:09:51,Weak,1,3
2026-01-11 21:09:51,Weak,3,2
2026-01-11 21:09:51,Strong,2,8
2026-01-11 21:09:51,Weak,5,3
2026-01-11 21:09:51,Strong,6,7
2026-01-11 21:09:51,Weak,6,8
2026-01-11 21:09:51,Weak,9,0
2026-01-11 21:09:51,Strong,8,0
2026-01-11 21:09:51,Weak,8,8
2026-01-11 21:09:51,Weak,10,6
2026-01-11 21:09:51,Strong,9,5
2026-01-11 21:09:51,Weak,1,2
2026-01-11 21:09:51,Weak,2,3
2026-01-11 21:09:51,Strong,1,5
2026-01-11 21:09:51,Strong,0,2
2026-01-11 21:09:51,Weak,2,2
2026-01-11 21:09:51,Weak,2,10
2026-01-11 21:09:51,Weak,4,3
2026-01-11 21:09:51,Weak,5,0
2026-01-11 21:09:51,Weak,8,1
2026-01-11 21:09:51,Strong,8,9
2026-01-11 21:09:51,Strong,9,6
2026-01-11 21:09:51,Weak,1,1
2026-01-11 21:09:51,Strong,1,9
2026-01-11 21:09:51,Weak,0,1
2026-01-11 21:09:51,Weak,1,4
2026-01-11 21:09:51,Weak,4,2
2026-01-11 21:09:51,Strong,6,0
2026-01-11 21:09:51,Weak,4,0
2026-01-11 21:09:51,Strong,5,7
2026-01-11 21:09:51,Strong,5,2
2026-01-11 21:09:51,Weak,5,1
2026-01-11 21:09:51,Weak,6,7
2026-01-11 21:09:51,Strong,7,9
2026-01-11 21:09:51,Weak,10,7
2026-01-11 21:09:51,Weak,1,3
2026-01-11 21:09:51,Weak,2,4
2026-01-11 21:09:51,Weak,0,0
2026-01-11 21:09:51,Weak,0,4
2026-01-11 21:09:51,Strong,1,2
2026-01-11 21:09:51,Weak,3,2
2026-01-11 21:09:51,Strong,2,9
2026-01-11 21:09:51,Weak,6,1
2026-01-11 21:09:51,Strong,5,6
2026-01-11 21:09:51,Weak,6,9
2026-01-11 21:09:51,Weak,4,1
2026-01-11 21:09:51,Weak,7,4
2026-01-11 21:09:51,Weak,5,7
2026-01-11 21:09:51,Strong,7,0
2026-01-11 21:09:51,Weak,8,0
2026-01-11 21:09:51,Strong,8,9
2026-01-11 21:09:51,Weak,9,8
2026-01-11 21:10:36,Weak,3,6
2026-01-11 21:10:36,Weak,3,4
2026-01-11 21:10:36,Weak,3,9
2026-01-11 21:10:36,Strong,3,2
2026-01-11 21:10:36,Strong,5,0
2026-01-11 21:10:36,Strong,6,1
2026-01-11 21:10:36,Weak,5,6
2026-01-11 21:10:36,Strong,5,7
2026-01-11 21:10:36,Strong,8,2
2026-01-11 21:10:36,Strong,7,6
2026-01-11 21:10:36,Weak,8,10
2026-01-11 21:10:36,Strong,8,7
2026-01-11 21:10:36,Weak,9,2
2026-01-11 21:10:36,Weak,0,9
2026-01-11 21:10:36,Strong,1,1
2026-01-11 21:10:36,Strong,1,5
2026-01-11 21:10:36,Weak,3,5
2026-01-11 21:10:36,Strong,4,7
2026-01-11 21:10:36,Weak,4,2
2026-01-11 21:10:36,Strong,3,3
2026-01-11 21:10:36,Strong,5,1
2026-01-11 21:10:36,Strong,4,4
2026-01-11 21:10:36,Strong,7,1
2026-01-11 21:10:36,Strong,6,7
2026-01-11 21:10:36,Weak,6,10
2026-01-11 21:10:36,Strong,6,6
2026-01-11 21:10:36,Strong,8,8
2026-01-11 21:10:36,Strong,9,7
2026-01-11 21:10:36,Weak,0,10
2026-01-11 21:10:36,Strong,0,1
2026-01-11 21:10:36,Strong,1,1
2026-01-11 21:10:36,Strong,2,5
2026-01-11 21:10:36,Weak,1,7
2026-01-11 21:10:36,Weak,4,5
2026-01-11 21:10:36,Weak,4,6
2026-01-11 21:10:36,Weak,3,8
2026-01-11 21:10:36,Strong,4,8
2026-01-11 21:10:36,Weak,3,2
2026-01-11 21:10:36,Strong,4,1
2026-01-11 21:10:36,Strong,5,7
2026-01-11 21:10:36,Weak,7,10
2026-01-11 21:10:36,Strong,6,7
2026-01-11 21:10:36,Strong,7,8
2026-01-11 21:10:36,Weak,9,3
2026-01-11 21:10:36,Strong,9,8
2026-01-11 21:10:36,Weak,10,7
2026-01-11 21:10:36,Strong,0,0
2026-01-11 21:10:36,Strong,2,1
2026-01-11 21:10:36,Weak,4,7
2026-01-11 21:10:36,Weak,3,7
2026-01-11 21:10:36,Strong,4,9
2026-01-11 21:10:36,Weak,2,9
2026-01-11 21:10:37,Weak,4,2
2026-01-11 21:10:37,Strong,4,3
2026-01-11 21:10:37,Weak,7,9
2026-01-11 21:10:37,Strong,7,2
2026-01-11 21:10:37,Weak,7,10
2026-01-11 21:10:37,Strong,8,8
2026-01-11 21:10:37,Weak,8,3
2026-01-11 21:10:37,Weak,10,8
2026-01-11 21:10:37,Strong,1,6
2026-01-11 21:10:37,Weak,1,10
2026-01-11 21:10:37,Strong,1,1
2026-01-11 21:10:37,Strong,3,5
2026-01-11 21:10:37,Weak,1,8
2026-01-11 21:10:37,Weak,3,8
2026-01-11 21:10:37,Weak,1,9
2026-01-11 21:10:37,Strong,3,3
2026-01-11 21:10:37,Strong,3,1
2026-01-11 21:10:37,Strong,4,3
2026-01-11 21:10:37,Weak,7,8
2026-01-11 21:10:37,Strong,7,7
2026-01-11 21:10:37,Weak,7,9
2026-01-11 21:10:37,Strong,8,9
2026-01-11 21:10:37,Strong,9,2
2026-01-11 21:10:37,Strong,8,8
2026-01-11 21:10:37,Strong,1,5
2026-01-11 21:10:37,Weak,0,10
2026-01-11 21:10:37,Strong,2,1
2026-01-11 21:10:37,Strong,2,5
2026-01-11 21:10:37,Weak,1,7
2026-01-11 21:10:37,Weak,4,6
2026-01-11 21:10:37,Weak,2,8
2026-01-11 21:10:37,Weak,2,9
2026-01-11 21:10:37,Weak,4,1
2026-01-11 21:10:37,Strong,4,2
2026-01-11 21:10:37,Strong,7,6
2026-01-11 21:10:37,Weak,7,10
2026-01-11 21:10:37,Weak,9,1
2026-01-11 21:10:37,Strong,8,10
2026-01-11 21:10:37,Strong,10,2
2026-01-11 21:10:37,Weak,8,2
2026-01-11 21:10:37,Strong,8,9
2026-01-11 21:10:37,Weak,9,8
2026-01-11 21:10:37,Weak,9,9
2026-01-11 21:10:44,Weak,1,10
2026-01-11 21:10:44,Weak,2,7
2026-01-11 21:10:44,Weak,4,4
2026-01-11 21:10:44,Weak,3,9
2026-01-11 21:10:44,Weak,5,1
2026-01-11 21:10:44,Strong,4,1
2026-01-11 21:10:44,Strong,6,1
2026-01-11 21:10:44,Weak,7,9
2026-01-11 21:10:44,Strong,6,6
2026-01-11 21:10:44,Weak,8,1
2026-01-11 21:10:44,Weak,10,1
2026-01-11 21:10:44,Strong,9,2
2026-01-11 21:10:44,Strong,8,8
2026-01-11 21:10:44,Weak,10,8
2026-01-11 21:10:44,Weak,10,9
2026-01-11 21:10:44,Strong,0,5
2026-01-11 21:10:44,Strong,2,6
2026-01-11 21:10:44,Weak,4,3
2026-01-11 21:10:44,Weak,5,0
2026-01-11 21:10:44,Strong,5,1
2026-01-11 21:10:44,Strong,6,5
2026-01-11 21:10:44,Weak,8,0
2026-01-11 21:10:44,Weak,10,2
2026-01-11 21:10:44,Strong,9,10
2026-01-11 21:10:44,Strong,9,1
2026-01-11 21:10:44,Strong,8,7
2026-01-11 21:10:44,Strong,1,5
2026-01-11 21:10:44,Strong,2,5
2026-01-11 21:10:44,Weak,1,8
2026-01-11 21:10:44,Weak,3,6
2026-01-11 21:10:44,Weak,3,7
2026-01-11 21:10:44,Weak,6,0
2026-01-11 21:10:44,Strong,3,2
2026-01-11 21:10:44,Strong,5,0
2026-01-11 21:10:44,Strong,6,2
2026-01-11 21:10:44,Weak,4,6
2026-01-11 21:10:44,Strong,6,7
2026-01-11 21:10:44,Weak,7,8
2026-01-11 21:10:44,Strong,6,6
2026-01-11 21:10:44,Weak,6,10
2026-01-11 21:10:44,Weak,10,3
2026-01-11 21:10:44,Strong,8,1
2026-01-11 21:10:44,Weak,8,3
2026-01-11 21:10:44,Strong,9,7
2026-01-11 21:10:44,Weak,9,9
2026-01-11 21:10:44,Strong,0,6
2026-01-11 21:10:44,Strong,0,1
2026-01-11 21:10:44,Strong,2,6
2026-01-11 21:10:44,Weak,2,8
2026-01-11 21:10:44,Weak,5,7
2026-01-11 21:10:44,Weak,2,7
2026-01-11 21:10:44,Weak,3,3
2026-01-11 21:10:44,Weak,3,8
2026-01-11 21:10:44,Weak,6,1
2026-01-11 21:10:44,Strong,6,0
2026-01-11 21:10:44,Strong,4,1
2026-01-11 21:10:44,Weak,4,8
2026-01-11 21:10:44,Strong,8,2
2026-01-11 21:10:44,Weak,10,2
2026-01-11 21:10:44,Strong,10,7
2026-01-11 21:10:44,Weak,8,9
2026-01-11 21:10:44,Weak,10,9
2026-01-11 21:10:44,Strong,0,0
2026-01-11 21:10:44,Weak,3,7
2026-01-11 21:10:44,Weak,4,7
2026-01-11 21:10:44,Strong,3,9
2026-01-11 21:10:44,Strong,5,1
2026-01-11 21:10:44,Weak,4,9
2026-01-11 21:10:44,Weak,3,6
2026-01-11 21:10:44,Strong,7,7
2026-01-11 21:10:44,Strong,7,2
2026-01-11 21:10:44,Strong,6,7
2026-01-11 21:10:44,Weak,6,9
2026-01-11 21:10:44,Weak,9,2
2026-01-11 21:10:44,Strong,9,9
2026-01-11 21:10:44,Weak,8,2
2026-01-11 21:10:44,Strong,10,6
2026-01-11 21:10:44,Weak,9,8
2026-01-11 21:10:44,Weak,8,8
2026-01-11 21:10:44,Strong,1,6
2026-01-11 21:10:44,Strong,0,5
2026-01-11 21:10:44,Weak,1,9
2026-01-11 21:10:44,Strong,0,1
2026-01-11 21:10:44,Strong,3,1
2026-01-11 21:10:44,Strong,2,5
2026-01-11 21:10:44,Weak,5,7
2026-01-11 21:10:44,Weak,3,5
2026-01-11 21:10:44,Strong,7,6
2026-01-11 21:10:44,Weak,9,3
2026-01-11 21:10:44,Strong,8,9
2026-01-11 21:10:44,Weak,9,2
2026-01-11 21:10:44,Strong,10,5
2026-01-11 21:10:44,Weak,9,9
2026-01-11 21:10:44,Weak,10,8
2026-01-11 21:12:45,Weak,0,6
2026-01-11 21:12:45,Weak,1,0
2026-01-11 21:12:45,Weak,2,8
2026-01-11 21:12:45,Weak,2,4
2026-01-11 21:12:45,Weak,7,1
2026-01-11 21:12:45,Weak,6,5
2026-01-11 21:12:45,Strong,7,5
2026-01-11 21:12:45,Weak,9,8
2026-01-11 21:12:45,Strong,1,4
2026-01-11 21:12:45,Weak,0,5
2026-01-11 21:12:45,Strong,6,2
2026-01-11 21:12:45,Weak,5,2
2026-01-11 21:12:45,Strong,5,10
2026-01-11 21:12:45,Weak,7,2
2026-01-11 21:12:45,Weak,6,4
2026-01-11 21:12:45,Weak,8,5
2026-01-11 21:12:45,Weak,8,6
2026-01-11 21:12:45,Weak,9,9
2026-01-11 21:12:45,Strong,8,0
2026-01-11 21:12:45,Weak,10,9
2026-01-11 21:12:45,Weak,1,5
2026-01-11 21:12:45,Weak,2,9
2026-01-11 21:12:45,Weak,5,0
2026-01-11 21:12:45,Weak,5,3
2026-01-11 21:12:45,Strong,5,9
2026-01-11 21:12:45,Weak,7,1
2026-01-11 21:12:45,Weak,8,9
2026-01-11 21:12:45,Weak,9,5
2026-01-11 21:12:45,Weak,8,5
2026-01-11 21:12:45,Strong,7,0
2026-01-11 21:12:45,Strong,0,4
2026-01-11 21:12:45,Weak,0,5
2026-01-11 21:12:45,Weak,1,1
2026-01-11 21:12:45,Weak,1,8
2026-01-11 21:12:45,Weak,6,0
2026-01-11 21:12:45,Strong,5,10
2026-01-11 21:12:45,Weak,7,2
2026-01-11 21:12:45,Strong,7,6
2026-01-11 21:12:45,Weak,8,8
2026-01-11 21:12:45,Weak,8,6
2026-01-11 21:12:45,Weak,2,8
2026-01-11 21:12:45,Weak,3,4
2026-01-11 21:12:45,Weak,6,1
2026-01-11 21:12:45,Weak,4,3
2026-01-11 21:12:45,Strong,3,8
2026-01-11 21:12:45,Weak,6,8
2026-01-11 21:12:45,Strong,7,5
2026-01-11 21:12:45,Weak,8,7
2026-01-11 21:12:45,Weak,7,6
2026-01-11 21:12:45,Strong,7,1
2026-01-11 21:12:45,Weak,1,0
2026-01-11 21:12:45,Weak,2,9
2026-01-11 21:12:45,Weak,1,9
2026-01-11 21:12:45,Weak,3,3
2026-01-11 21:12:45,Strong,2,8
2026-01-11 21:12:45,Strong,8,5
2026-01-11 21:12:45,Weak,7,5
2026-01-11 21:12:45,Weak,10,10
2026-01-11 21:13:07,Weak,3,4
2026-01-11 21:13:07,Weak,3,3
2026-01-11 21:13:07,Weak,5,3
2026-01-11 21:13:07,Weak,6,7
2026-01-11 21:13:07,Strong,5,9
2026-01-11 21:13:07,Strong,8,6
2026-01-11 21:13:07,Weak,8,5
2026-01-11 21:13:07,Weak,8,8
2026-01-11 21:13:07,Strong,1,1
2026-01-11 21:13:07,Weak,1,10
2026-01-11 21:13:07,Weak,2,4
2026-01-11 21:13:07,Weak,3,4
2026-01-11 21:13:07,Strong,3,8
2026-01-11 21:13:07,Weak,5,2
2026-01-11 21:13:07,Weak,6,8
2026-01-11 21:13:07,Weak,7,5
2026-01-11 21:13:07,Weak,8,9
2026-01-11 21:13:07,Weak,10,9
2026-01-11 21:13:07,Weak,0,6
2026-01-11 21:13:07,Weak,1,9
2026-01-11 21:13:07,Weak,3,3
2026-01-11 21:13:07,Strong,2,8
2026-01-11 21:13:07,Strong,7,6
2026-01-11 21:13:07,Weak,9,9
2026-01-11 21:13:07,Strong,0,1
2026-01-11 21:13:07,Strong,1,4
2026-01-11 21:13:07,Weak,0,5
2026-01-11 21:13:07,Weak,2,10
2026-01-11 21:13:07,Weak,2,9
2026-01-11 21:13:07,Weak,4,3
2026-01-11 21:13:07,Weak,6,7
2026-01-11 21:13:07,Weak,6,5
2026-01-11 21:13:07,Weak,8,5
2026-01-11 21:13:07,Weak,9,8
2026-01-11 21:13:07,Weak,10,10
2026-01-11 21:13:07,Strong,1,5
2026-01-11 21:13:07,Weak,1,1
2026-01-11 21:13:07,Weak,3,4
2026-01-11 21:13:07,Weak,5,3
2026-01-11 21:13:07,Strong,5,0
2026-01-11 21:13:07,Strong,8,6
2026-01-11 21:13:07,Weak,8,4
2026-01-11 21:13:07,Weak,8,9
2026-01-11 21:13:07,Strong,7,0
2026-01-11 21:13:07,Weak,8,8
2026-01-11 21:13:07,Weak,10,9
2026-01-11 21:13:07,Weak,1,0
2026-01-11 21:13:07,Weak,3,5
2026-01-11 21:13:07,Weak,4,3
2026-01-11 21:13:07,Strong,6,0
2026-01-11 21:13:07,Weak,5,3
2026-01-11 21:13:07,Weak,7,5
2026-01-11 21:13:07,Strong,7,6
2026-01-11 21:13:07,Weak,8,6
2026-01-11 21:13:07,Weak,9,9
2026-01-11 21:13:07,Strong,8,0
2026-01-11 21:13:07,Weak,8,9
2026-01-11 21:13:19,Strong,1,4
2026-01-11 21:13:19,Weak,3,10
2026-01-11 21:13:19,Weak,1,9
2026-01-11 21:13:19,Weak,5,1
2026-01-11 21:13:19,Weak,3,3
2026-01-11 21:13:19,Strong,7,0
2026-01-11 21:13:19,Strong,5,2
2026-01-11 21:13:19,Weak,8,5
2026-01-11 21:13:19,Weak,8,8
2026-01-11 21:13:19,Strong,1,3
2026-01-11 21:13:19,Weak,1,5
2026-01-11 21:13:19,Weak,2,10
2026-01-11 21:13:19,Weak,3,4
2026-01-11 21:13:19,Strong,7,1
2026-01-11 21:13:19,Strong,5,10
2026-01-11 21:13:19,Weak,6,2
2026-01-11 21:13:19,Weak,6,5
2026-01-11 21:13:19,Weak,8,9
2026-01-11 21:13:19,Weak,10,10
2026-01-11 21:13:19,Strong,1,4
2026-01-11 21:13:19,Weak,1,10
2026-01-11 21:13:19,Weak,4,4
2026-01-11 21:13:19,Weak,6,1
2026-01-11 21:13:19,Weak,4,3
2026-01-11 21:13:19,Weak,7,2
2026-01-11 21:13:19,Strong,7,5
2026-01-11 21:13:19,Weak,7,6
2026-01-11 21:13:19,Weak,9,8
2026-01-11 21:13:19,Strong,1,1
2026-01-11 21:13:19,Strong,1,3
2026-01-11 21:13:19,Weak,0,5
2026-01-11 21:13:19,Weak,6,0
2026-01-11 21:13:19,Weak,3,2
2026-01-11 21:13:19,Strong,2,9
2026-01-11 21:13:19,Strong,5,1
2026-01-11 21:13:19,Weak,6,8
2026-01-11 21:13:19,Strong,5,9
2026-01-11 21:13:19,Weak,6,4
2026-01-11 21:13:19,Weak,8,8
2026-01-11 21:13:19,Weak,0,1
2026-01-11 21:13:19,Weak,0,4
2026-01-11 21:13:19,Weak,0,10
2026-01-11 21:13:19,Weak,1,10
2026-01-11 21:13:19,Weak,3,4
2026-01-11 21:13:19,Weak,6,1
2026-01-11 21:13:19,Weak,3,3
2026-01-11 21:13:19,Strong,2,8
2026-01-11 21:13:19,Strong,5,2
2026-01-11 21:13:19,Weak,5,3
2026-01-11 21:13:19,Weak,5,8
2026-01-11 21:13:19,Weak,6,2
2026-01-11 21:13:19,Weak,8,6
2026-01-11 21:13:19,Weak,8,7
2026-01-11 21:13:19,Weak,7,9
2026-01-11 21:13:19,Weak,1,9
2026-01-11 21:13:19,Weak,3,2
2026-01-11 21:13:19,Strong,2,9
2026-01-11 21:13:19,Strong,7,2
2026-01-11 21:13:19,Weak,4,3
2026-01-11 21:13:19,Weak,6,8
2026-01-11 21:13:19,Weak,6,5
2026-01-11 21:13:19,Weak,7,6
2026-01-11 21:13:19,Weak,8,4
2026-01-11 21:13:36,Weak,0,0
2026-01-11 21:13:36,Weak,1,10
2026-01-11 21:13:36,Weak,3,5
2026-01-11 21:13:36,Weak,6,0
2026-01-11 21:13:36,Strong,5,3
2026-01-11 21:13:36,Weak,6,4
2026-01-11 21:13:36,Weak,8,8
2026-01-11 21:13:36,Weak,7,10
2026-01-11 21:13:36,Strong,1,4
2026-01-11 21:13:36,Weak,1,8
2026-01-11 21:13:36,Weak,6,1
2026-01-11 21:13:36,Weak,2,2
2026-01-11 21:13:36,Strong,2,8
2026-01-11 21:13:36,Weak,4,4
2026-01-11 21:13:36,Strong,5,10
2026-01-11 21:13:36,Weak,6,5
2026-01-11 21:13:36,Weak,8,3
2026-01-11 21:13:36,Weak,8,7
2026-01-11 21:13:36,Weak,1,9
2026-01-11 21:13:36,Weak,5,1
2026-01-11 21:13:36,Strong,2,9
2026-01-11 21:13:36,Weak,5,8
2026-01-11 21:13:36,Weak,6,1
2026-01-11 21:13:36,Weak,8,6
2026-01-11 21:13:36,Strong,7,0
2026-01-11 21:13:36,Weak,7,9
2026-01-11 21:13:36,Strong,0,1
2026-01-11 21:13:36,Weak,1,1
2026-01-11 21:13:36,Weak,1,10
2026-01-11 21:13:36,Weak,1,9
2026-01-11 21:13:36,Weak,2,8
2026-01-11 21:13:36,Strong,7,1
2026-01-11 21:13:36,Strong,5,2
2026-01-11 21:13:36,Weak,4,3
2026-01-11 21:13:36,Weak,5,9
2026-01-11 21:13:36,Weak,9,3
2026-01-11 21:13:36,Weak,8,9
2026-01-11 21:13:36,Weak,10,9
2026-01-11 21:13:36,Strong,2,4
2026-01-11 21:13:36,Weak,0,10
2026-01-11 21:13:36,Weak,1,10
2026-01-11 21:13:36,Strong,6,2
2026-01-11 21:13:36,Weak,5,3
2026-01-11 21:13:36,Weak,5,8
2026-01-11 21:13:36,Strong,8,5
2026-01-11 21:13:36,Weak,7,9
2026-01-11 21:13:36,Weak,0,5
2026-01-11 21:13:36,Weak,3,8
2026-01-11 21:13:36,Strong,2,10
2026-01-11 21:13:36,Strong,5,9
2026-01-11 21:13:36,Weak,7,5
2026-01-11 21:13:36,Weak,9,2
2026-01-11 21:13:36,Strong,8,0
2026-01-11 21:13:36,Weak,9,9
2026-01-11 21:16:37,Strong,0,5
2026-01-11 21:16:37,Weak,2,3
2026-01-11 21:16:37,Strong,0,4
2026-01-11 21:16:37,Strong,1,4
2026-01-11 21:16:37,Strong,2,6
2026-01-11 21:16:37,Weak,2,1
2026-01-11 21:16:37,Strong,3,1
2026-01-11 21:16:37,Weak,4,10
2026-01-11 21:16:37,Weak,5,8
2026-01-11 21:16:37,Strong,7,7
2026-01-11 21:16:37,Strong,2,7
2026-01-11 21:16:37,Strong,2,4
2026-01-11 21:16:37,Strong,2,5
2026-01-11 21:16:37,Weak,6,5
2026-01-11 21:16:37,Strong,7,5
2026-01-11 21:16:37,Strong,9,9
2026-01-11 21:16:37,Weak,1,3
2026-01-11 21:16:37,Strong,1,7
2026-01-11 21:16:37,Weak,6,2
2026-01-11 21:16:37,Weak,7,8
2026-01-11 21:16:37,Weak,9,10
2026-01-11 21:16:37,Strong,1,2
2026-01-11 21:16:37,Strong,1,4
2026-01-11 21:16:37,Weak,3,9
2026-01-11 21:16:37,Strong,4,1
2026-01-11 21:16:37,Weak,3,10
2026-01-11 21:16:37,Weak,5,7
2026-01-11 21:16:37,Weak,6,3
2026-01-11 21:16:37,Weak,6,4
2026-01-11 21:16:37,Strong,8,0
2026-01-11 21:16:37,Weak,8,5
2026-01-11 21:16:37,Strong,10,6
2026-01-11 21:16:37,Weak,7,1
2026-01-11 21:16:37,Weak,6,5
2026-01-11 21:16:37,Strong,7,0
2026-01-11 21:16:37,Weak,10,4
2026-01-11 21:16:37,Weak,10,10
2026-01-11 21:16:37,Strong,0,2
2026-01-11 21:16:37,Strong,2,3
2026-01-11 21:16:37,Strong,2,4
2026-01-11 21:16:37,Weak,5,8
2026-01-11 21:16:37,Weak,6,2
2026-01-11 21:16:37,Weak,8,8
2026-01-11 21:16:37,Strong,10,1
2026-01-11 21:16:37,Strong,9,6
2026-01-11 21:16:37,Weak,10,5
2026-01-11 21:16:49,Weak,4,9
2026-01-11 21:16:49,Weak,5,7
2026-01-11 21:16:49,Strong,8,0
2026-01-11 21:16:49,Strong,9,1
2026-01-11 21:16:49,Weak,0,4
2026-01-11 21:16:49,Weak,4,10
2026-01-11 21:16:49,Weak,5,8
2026-01-11 21:16:49,Strong,7,8
2026-01-11 21:16:49,Strong,7,0
2026-01-11 21:16:49,Weak,8,4
2026-01-11 21:16:49,Weak,10,3
2026-01-11 21:16:49,Strong,9,10
2026-01-11 21:16:49,Strong,0,3
2026-01-11 21:16:49,Weak,1,2
2026-01-11 21:16:49,Weak,5,10
2026-01-11 21:16:49,Weak,6,1
2026-01-11 21:16:49,Weak,6,3
2026-01-11 21:16:49,Strong,7,7
2026-01-11 21:16:49,Weak,10,4
2026-01-11 21:16:49,Weak,10,7
2026-01-11 21:16:49,Weak,1,3
2026-01-11 21:16:49,Weak,3,9
2026-01-11 21:16:49,Weak,6,2
2026-01-11 21:16:49,Strong,6,7
2026-01-11 21:16:49,Strong,10,1
2026-01-11 21:16:49,Weak,10,6
2026-01-11 21:16:49,Strong,0,2
2026-01-11 21:16:49,Weak,0,3
2026-01-11 21:16:49,Strong,1,3
2026-01-11 21:16:49,Strong,1,4
2026-01-11 21:16:49,Weak,4,10
2026-01-11 21:16:49,Weak,5,7
2026-01-11 21:16:49,Strong,7,7
2026-01-11 21:16:49,Strong,8,0
2026-01-11 21:16:49,Weak,8,5
2026-01-11 21:16:49,Weak,4,9
2026-01-11 21:16:49,Weak,6,7
2026-01-11 21:16:49,Weak,7,1
2026-01-11 21:16:49,Weak,6,1
2026-01-11 21:16:49,Strong,9,1
2026-01-11 21:16:49,Weak,10,8
2026-01-11 21:17:01,Weak,7,8
2026-01-11 21:17:01,Weak,10,5
2026-01-11 21:17:01,Strong,2,7
2026-01-11 21:17:01,Weak,4,10
2026-01-11 21:17:01,Weak,3,10
2026-01-11 21:17:01,Weak,6,3
2026-01-11 21:17:01,Weak,6,6
2026-01-11 21:17:01,Strong,7,0
2026-01-11 21:17:01,Weak,8,4
2026-01-11 21:17:01,Strong,6,5
2026-01-11 21:17:01,Weak,8,8
2026-01-11 21:17:01,Strong,10,6
2026-01-11 21:17:01,Strong,1,2
2026-01-11 21:17:01,Weak,4,9
2026-01-11 21:17:01,Weak,3,9
2026-01-11 21:17:01,Weak,6,4
2026-01-11 21:17:01,Weak,8,5
2026-01-11 21:17:01,Weak,10,7
2026-01-11 21:17:01,Weak,5,7
2026-01-11 21:17:01,Strong,8,0
2026-01-11 21:17:01,Weak,7,8
2026-01-11 21:17:01,Strong,10,1
2026-01-11 21:17:01,Strong,9,9
2026-01-11 21:17:01,Strong,2,4
2026-01-11 21:17:01,Weak,4,10
2026-01-11 21:17:01,Weak,3,10
2026-01-11 21:17:01,Weak,5,8
2026-01-11 21:17:01,Weak,7,0
2026-01-11 21:17:01,Weak,6,3
2026-01-11 21:17:01,Strong,6,7
2026-01-11 21:17:01,Strong,7,5
2026-01-11 21:17:01,Weak,7,7
2026-01-11 21:17:01,Strong,9,1
2026-01-11 21:17:01,Strong,9,6
2026-01-11 21:17:01,Strong,10,1
2026-01-11 21:17:01,Weak,10,6
2026-01-11 21:17:01,Weak,10,8
2026-01-11 21:17:01,Strong,2,3
2026-01-11 21:17:01,Strong,2,4
2026-01-11 21:17:01,Strong,3,1
2026-01-11 21:17:01,Weak,6,2
2026-01-11 21:17:01,Weak,7,3
2026-01-11 21:17:01,Weak,8,4
2026-01-11 21:17:01,Weak,7,8
2026-01-11 21:17:01,Strong,10,0
2026-01-11 21:17:01,Weak,10,5
2026-01-11 21:17:01,Weak,10,7
2026-01-11 21:17:11,Strong,1,7
2026-01-11 21:17:11,Strong,2,5
2026-01-11 21:17:11,Weak,3,9
2026-01-11 21:17:11,Weak,6,5
2026-01-11 21:17:11,Weak,5,7
2026-01-11 21:17:11,Weak,7,7
2026-01-11 21:17:11,Weak,10,8
2026-01-11 21:17:11,Weak,3,10
2026-01-11 21:17:11,Weak,7,1
2026-01-11 21:17:11,Weak,6,3
2026-01-11 21:17:11,Weak,8,5
2026-01-11 21:17:11,Weak,10,6
2026-01-11 21:17:11,Weak,0,2
2026-01-11 21:17:11,Strong,0,3
2026-01-11 21:17:11,Strong,1,3
2026-01-11 21:17:11,Strong,4,1
2026-01-11 21:17:11,Weak,5,5
2026-01-11 21:17:11,Weak,5,8
2026-01-11 21:17:11,Weak,6,1
2026-01-11 21:17:11,Strong,5,7
2026-01-11 21:17:11,Weak,6,7
2026-01-11 21:17:11,Strong,10,1
2026-01-11 21:17:11,Weak,10,7
2026-01-11 21:17:11,Weak,9,10
2026-01-11 21:17:11,Weak,4,9
2026-01-11 21:17:11,Weak,6,5
2026-01-11 21:17:11,Weak,7,1
2026-01-11 21:17:11,Weak,6,2
2026-01-11 21:17:11,Weak,6,3
2026-01-11 21:17:11,Weak,10,5
2026-01-11 21:17:11,Weak,10,8
2026-01-11 21:17:11,Weak,10,10
2026-01-11 21:17:11,Strong,2,7
2026-01-11 21:17:11,Strong,2,3
2026-01-11 21:17:11,Weak,3,9
2026-01-11 21:17:11,Weak,6,1
2026-01-11 21:17:11,Weak,10,7
2026-01-11 21:17:11,Strong,1,3
2026-01-11 21:17:11,Strong,1,7
2026-01-11 21:17:11,Weak,3,10
2026-01-11 21:17:11,Weak,4,10
2026-01-11 21:17:11,Weak,5,5
2026-01-11 21:17:11,Weak,7,3
2026-01-11 21:17:11,Weak,10,6
2026-01-11 21:17:20,Weak,0,3
2026-01-11 21:17:20,Strong,2,7
2026-01-11 21:17:20,Strong,2,4
2026-01-11 21:17:20,Weak,3,1
2026-01-11 21:17:20,Weak,10,5
2026-01-11 21:17:20,Strong,10,6
2026-01-11 21:17:20,Strong,1,7
2026-01-11 21:17:20,Strong,2,5
2026-01-11 21:17:20,Weak,5,10
2026-01-11 21:17:20,Weak,6,5
2026-01-11 21:17:20,Strong,2,4
2026-01-11 21:17:20,Weak,6,3
2026-01-11 21:17:20,Weak,4,10
2026-01-11 21:17:20,Weak,6,2
2026-01-11 21:17:20,Weak,6,4
2026-01-11 21:17:20,Strong,7,0
2026-01-11 21:17:20,Strong,1,4
2026-01-11 21:17:20,Strong,2,3
2026-01-11 21:17:20,Weak,4,9
2026-01-11 21:17:20,Weak,6,5
2026-01-11 21:17:20,Strong,8,0
2026-01-11 21:17:20,Weak,8,4
2026-01-11 21:17:20,Weak,7,7
2026-01-11 21:17:20,Strong,9,1
2026-01-11 21:17:20,Weak,10,4
2026-01-11 21:17:20,Strong,10,5
2026-01-11 21:17:20,Weak,1,3
2026-01-11 21:17:20,Strong,2,4
2026-01-11 21:17:20,Weak,4,10
2026-01-11 21:17:20,Weak,6,4
2026-01-11 21:17:20,Strong,6,7
2026-01-11 21:17:20,Strong,7,0
2026-01-11 21:17:20,Weak,8,5
2026-01-11 21:17:35,Weak,1,4
2026-01-11 21:17:35,Strong,1,3
2026-01-11 21:17:35,Strong,2,6
2026-01-11 21:17:35,Weak,3,9
2026-01-11 21:17:35,Weak,4,9
2026-01-11 21:17:35,Weak,6,3
2026-01-11 21:17:35,Strong,8,0
2026-01-11 21:17:35,Strong,10,1
2026-01-11 21:17:35,Strong,0,3
2026-01-11 21:17:35,Strong,2,5
2026-01-11 21:17:35,Weak,4,10
2026-01-11 21:17:35,Weak,6,2
2026-01-11 21:17:35,Weak,6,3
2026-01-11 21:17:35,Weak,6,6
2026-01-11 21:17:35,Strong,6,5
2026-01-11 21:17:35,Weak,1,3
2026-01-11 21:17:35,Strong,2,7
2026-01-11 21:17:35,Weak,4,9
2026-01-11 21:17:35,Weak,3,10
2026-01-11 21:17:35,Strong,5,7
2026-01-11 21:17:35,Strong,10,6
2026-01-11 21:17:35,Strong,1,7
2026-01-11 21:17:35,Weak,2,1
2026-01-11 21:17:35,Weak,6,4
2026-01-11 21:17:35,Weak,6,3
2026-01-11 21:17:35,Weak,8,4
2026-01-11 21:17:35,Weak,6,7
2026-01-11 21:17:35,Weak,10,5
2026-01-11 21:17:35,Strong,9,6
2026-01-11 21:17:35,Strong,9,10
2026-01-11 21:17:35,Strong,2,3
2026-01-11 21:17:35,Strong,2,7
2026-01-11 21:17:35,Strong,2,6
2026-01-11 21:17:35,Weak,3,1
2026-01-11 21:17:35,Weak,4,10
2026-01-11 21:17:35,Weak,7,3
2026-01-11 21:17:35,Strong,7,0
2026-01-11 21:17:35,Strong,10,6
2026-01-11 21:17:35,Strong,10,0
2026-01-11 21:17:35,Weak,1,4
2026-01-11 21:17:35,Strong,0,4
2026-01-11 21:17:35,Weak,5,10
2026-01-11 21:17:35,Weak,3,9
2026-01-11 21:17:35,Strong,7,5
2026-01-11 21:17:35,Weak,7,7
2026-01-11 21:19:21,Strong,2,7
2026-01-11 21:19:22,Weak,4,4
2026-01-11 21:19:22,Weak,6,7
2026-01-11 21:19:22,Strong,6,8
2026-01-11 21:19:22,Strong,8,1
2026-01-11 21:19:22,Weak,8,2
2026-01-11 21:19:22,Strong,9,3
2026-01-11 21:19:22,Weak,9,5
2026-01-11 21:19:22,Strong,2,10
2026-01-11 21:19:22,Weak,1,0
2026-01-11 21:19:22,Strong,1,9
2026-01-11 21:19:22,Strong,2,9
2026-01-11 21:19:22,Weak,5,7
2026-01-11 21:19:22,Weak,4,7
2026-01-11 21:19:22,Weak,6,3
2026-01-11 21:19:22,Weak,5,6
2026-01-11 21:19:22,Strong,5,8
2026-01-11 21:19:22,Strong,5,5
2026-01-11 21:19:22,Weak,6,8
2026-01-11 21:19:22,Weak,9,2
2026-01-11 21:19:22,Weak,10,5
2026-01-11 21:19:22,Weak,1,7
2026-01-11 21:19:22,Weak,2,0
2026-01-11 21:19:22,Strong,1,10
2026-01-11 21:19:22,Weak,3,9
2026-01-11 21:19:22,Weak,3,10
2026-01-11 21:19:22,Weak,6,9
2026-01-11 21:19:22,Weak,7,8
2026-01-11 21:19:22,Weak,9,1
2026-01-11 21:19:22,Weak,10,6
2026-01-11 21:19:22,Weak,1,0
2026-01-11 21:19:22,Weak,0,7
2026-01-11 21:19:22,Weak,3,6
2026-01-11 21:19:22,Weak,4,8
2026-01-11 21:19:22,Weak,5,9
2026-01-11 21:19:22,Weak,4,10
2026-01-11 21:19:22,Weak,6,8
2026-01-11 21:19:22,Strong,5,4
2026-01-11 21:19:22,Strong,7,1
2026-01-11 21:19:22,Weak,8,1
2026-01-11 21:19:22,Strong,9,2
2026-01-11 21:19:22,Weak,9,6
2026-01-11 21:19:22,Weak,1,7
2026-01-11 21:19:22,Strong,3,10
2026-01-11 21:19:22,Strong,2,10
2026-01-11 21:19:22,Weak,2,4
2026-01-11 21:19:22,Weak,4,9
2026-01-11 21:19:22,Weak,3,1
2026-01-11 21:19:22,Weak,7,3
2026-01-11 21:19:22,Weak,3,4
2026-01-11 21:19:22,Weak,5,5
2026-01-11 21:19:22,Weak,6,9
2026-01-11 21:19:22,Weak,6,1
2026-01-11 21:19:22,Weak,6,8
2026-01-11 21:19:22,Strong,9,1
2026-01-11 21:19:22,Strong,3,7
2026-01-11 21:19:22,Weak,0,7
2026-01-11 21:19:22,Strong,3,9
2026-01-11 21:19:22,Weak,2,5
2026-01-11 21:19:22,Weak,3,2
2026-01-11 21:19:22,Weak,4,7
2026-01-11 21:19:22,Weak,5,10
2026-01-11 21:19:22,Weak,2,4
2026-01-11 21:19:22,Weak,5,6
2026-01-11 21:19:22,Weak,5,7
2026-01-11 21:19:22,Weak,6,0
2026-01-11 21:19:22,Strong,6,1
2026-01-11 21:19:22,Weak,7,8
2026-01-11 21:19:22,Weak,6,7
2026-01-11 21:19:22,Strong,10,1
2026-01-11 21:19:22,Weak,10,6
2026-01-11 21:19:29,Weak,1,1
2026-01-11 21:19:29,Weak,2,1
2026-01-11 21:19:29,Weak,2,7
2026-01-11 21:19:29,Strong,3,10
2026-01-11 21:19:29,Strong,2,8
2026-01-11 21:19:29,Weak,4,10
2026-01-11 21:19:29,Weak,3,3
2026-01-11 21:19:29,Weak,7,4
2026-01-11 21:19:29,Weak,5,5
2026-01-11 21:19:29,Weak,5,6
2026-01-11 21:19:29,Strong,6,8
2026-01-11 21:19:29,Weak,5,0
2026-01-11 21:19:29,Strong,5,3
2026-01-11 21:19:29,Strong,9,1
2026-01-11 21:19:29,Weak,1,0
2026-01-11 21:19:29,Weak,2,0
2026-01-11 21:19:29,Weak,1,7
2026-01-11 21:19:29,Strong,2,10
2026-01-11 21:19:29,Weak,4,9
2026-01-11 21:19:29,Weak,2,1
2026-01-11 21:19:29,Weak,3,2
2026-01-11 21:19:29,Weak,5,8
2026-01-11 21:19:29,Weak,4,10
2026-01-11 21:19:29,Weak,5,7
2026-01-11 21:19:29,Strong,6,2
2026-01-11 21:19:29,Strong,9,2
2026-01-11 21:19:29,Weak,9,6
2026-01-11 21:19:29,Strong,2,9
2026-01-11 21:19:29,Weak,1,1
2026-01-11 21:19:29,Weak,4,2
2026-01-11 21:19:29,Weak,4,8
2026-01-11 21:19:29,Weak,5,10
2026-01-11 21:19:29,Weak,5,6
2026-01-11 21:19:29,Weak,4,7
2026-01-11 21:19:29,Weak,6,0
2026-01-11 21:19:29,Weak,7,7
2026-01-11 21:19:29,Weak,9,1
2026-01-11 21:19:29,Strong,9,3
2026-01-11 21:19:29,Weak,9,7
2026-01-11 21:19:29,Strong,2,7
2026-01-11 21:19:29,Strong,1,10
2026-01-11 21:19:29,Weak,1,5
2026-01-11 21:19:29,Weak,1,2
2026-01-11 21:19:29,Weak,3,2
2026-01-11 21:19:29,Weak,5,7
2026-01-11 21:19:29,Weak,6,1
2026-01-11 21:19:29,Weak,6,7
2026-01-11 21:19:29,Weak,9,2
2026-01-11 21:19:29,Strong,2,10
2026-01-11 21:19:29,Strong,1,9
2026-01-11 21:19:29,Weak,0,5
2026-01-11 21:19:29,Weak,3,3
2026-01-11 21:19:29,Weak,5,8
2026-01-11 21:19:29,Weak,5,5
2026-01-11 21:19:29,Strong,5,4
2026-01-11 21:19:29,Strong,6,3
2026-01-11 21:19:29,Weak,5,7
2026-01-11 21:19:29,Weak,9,1
2026-01-11 21:19:29,Strong,9,2
2026-01-11 21:19:29,Weak,1,1
2026-01-11 21:19:29,Strong,3,7
2026-01-11 21:19:29,Weak,2,7
2026-01-11 21:19:29,Strong,1,8
2026-01-11 21:19:29,Weak,0,4
2026-01-11 21:19:29,Weak,3,9
2026-01-11 21:19:29,Weak,3,2
2026-01-11 21:19:29,Weak,6,5
2026-01-11 21:19:29,Weak,7,1
2026-01-11 21:19:29,Strong,5,3
2026-01-11 21:19:29,Strong,7,3
2026-01-11 21:19:29,Weak,7,7
2026-01-11 21:19:29,Weak,6,7
2026-01-11 21:19:29,Strong,8,2
2026-01-11 21:19:29,Weak,9,6
2026-01-11 21:19:43,Weak,1,0
2026-01-11 21:19:43,Strong,1,10
2026-01-11 21:19:43,Weak,0,3
2026-01-11 21:19:43,Strong,2,9
2026-01-11 21:19:43,Weak,4,9
2026-01-11 21:19:43,Weak,1,3
2026-01-11 21:19:43,Weak,3,1
2026-01-11 21:19:43,Weak,3,4
2026-01-11 21:19:43,Weak,5,7
2026-01-11 21:19:43,Weak,6,1
2026-01-11 21:19:43,Weak,10,1
2026-01-11 21:19:43,Strong,8,1
2026-01-11 21:19:43,Weak,10,6
2026-01-11 21:19:43,Weak,0,0
2026-01-11 21:19:43,Strong,4,7
2026-01-11 21:19:43,Strong,1,9
2026-01-11 21:19:43,Weak,2,8
2026-01-11 21:19:43,Strong,2,10
2026-01-11 21:19:43,Weak,4,10
2026-01-11 21:19:43,Weak,6,0
2026-01-11 21:19:43,Strong,6,3
2026-01-11 21:19:43,Strong,8,2
2026-01-11 21:19:43,Weak,10,5
2026-01-11 21:19:43,Weak,1,0
2026-01-11 21:19:43,Weak,3,7
2026-01-11 21:19:43,Weak,3,8
2026-01-11 21:19:43,Strong,2,9
2026-01-11 21:19:43,Weak,3,9
2026-01-11 21:19:43,Weak,3,2
2026-01-11 21:19:43,Weak,4,9
2026-01-11 21:19:43,Weak,4,4
2026-01-11 21:19:43,Strong,7,8
2026-01-11 21:19:43,Strong,9,2
2026-01-11 21:19:43,Strong,0,9
2026-01-11 21:19:43,Weak,2,7
2026-01-11 21:19:43,Weak,3,7
2026-01-11 21:19:43,Strong,2,10
2026-01-11 21:19:43,Weak,3,8
2026-01-11 21:19:43,Weak,4,8
2026-01-11 21:19:43,Weak,4,9
2026-01-11 21:19:43,Weak,5,10
2026-01-11 21:19:43,Weak,5,9
2026-01-11 21:19:43,Strong,6,2
2026-01-11 21:19:43,Strong,8,2
2026-01-11 21:19:43,Weak,1,7
2026-01-11 21:19:43,Weak,2,0
2026-01-11 21:19:43,Weak,0,4
2026-01-11 21:19:43,Weak,1,2
2026-01-11 21:19:43,Weak,3,3
2026-01-11 21:19:43,Weak,3,9
2026-01-11 21:19:43,Weak,4,10
2026-01-11 21:19:43,Weak,3,4
2026-01-11 21:19:43,Weak,6,1
2026-01-11 21:19:43,Strong,8,1
2026-01-11 21:19:43,Weak,2,1
2026-01-11 21:19:43,Weak,0,5
2026-01-11 21:19:43,Strong,3,10
2026-01-11 21:19:43,Weak,5,5
2026-01-11 21:19:43,Weak,6,0
2026-01-11 21:19:43,Strong,6,3
2026-01-11 21:19:43,Weak,6,8
2026-01-11 21:19:43,Strong,8,2
2026-01-11 21:19:43,Weak,9,5
2026-01-11 21:19:48,Weak,1,1
2026-01-11 21:19:48,Strong,2,8
2026-01-11 21:19:48,Weak,0,4
2026-01-11 21:19:48,Weak,4,9
2026-01-11 21:19:48,Weak,5,4
2026-01-11 21:19:48,Weak,6,9
2026-01-11 21:19:48,Weak,6,7
2026-01-11 21:19:48,Weak,0,7
2026-01-11 21:19:48,Strong,2,10
2026-01-11 21:19:48,Weak,1,3
2026-01-11 21:19:48,Weak,3,2
2026-01-11 21:19:48,Weak,3,3
2026-01-11 21:19:48,Weak,4,4
2026-01-11 21:19:48,Weak,5,0
2026-01-11 21:19:48,Weak,9,6
2026-01-11 21:19:48,Weak,1,0
2026-01-11 21:19:48,Weak,1,7
2026-01-11 21:19:48,Strong,2,7
2026-01-11 21:19:48,Weak,0,5
2026-01-11 21:19:48,Strong,2,9
2026-01-11 21:19:48,Weak,3,9
2026-01-11 21:19:48,Weak,5,10
2026-01-11 21:19:48,Weak,5,9
2026-01-11 21:19:48,Strong,8,1
2026-01-11 21:19:48,Strong,1,9
2026-01-11 21:19:48,Weak,1,5
2026-01-11 21:19:48,Strong,2,10
2026-01-11 21:19:48,Weak,4,2
2026-01-11 21:19:48,Weak,3,2
2026-01-11 21:19:48,Strong,7,7
2026-01-11 21:19:48,Weak,6,9
2026-01-11 21:19:48,Weak,6,0
2026-01-11 21:19:48,Weak,7,8
2026-01-11 21:19:48,Strong,9,1
2026-01-11 21:19:48,Weak,9,7
2026-01-11 21:19:48,Strong,2,9
2026-01-11 21:19:48,Weak,1,8
2026-01-11 21:19:48,Strong,2,8
2026-01-11 21:19:48,Weak,3,8
2026-01-11 21:19:48,Weak,4,1
2026-01-11 21:19:48,Weak,6,8
2026-01-11 21:19:48,Weak,5,9
2026-01-11 21:19:48,Weak,3,3
2026-01-11 21:19:48,Weak,5,4
2026-01-11 21:19:48,Strong,6,2
2026-01-11 21:19:48,Weak,9,6
2026-01-11 21:19:48,Weak,1,1
2026-01-11 21:19:48,Strong,2,7
2026-01-11 21:19:48,Weak,4,9
2026-01-11 21:19:48,Weak,5,3
2026-01-11 21:19:48,Weak,5,0
2026-01-11 21:19:48,Strong,6,3
2026-01-11 21:19:54,Weak,1,0
2026-01-11 21:19:54,Weak,1,7
2026-01-11 21:19:54,Strong,3,9
2026-01-11 21:19:54,Weak,1,2
2026-01-11 21:19:54,Weak,0,5
2026-01-11 21:19:54,Strong,3,10
2026-01-11 21:19:54,Weak,4,10
2026-01-11 21:19:54,Weak,5,4
2026-01-11 21:19:54,Weak,5,6
2026-01-11 21:19:54,Weak,5,9
2026-01-11 21:19:54,Strong,6,2
2026-01-11 21:19:54,Weak,10,6
2026-01-11 21:19:54,Weak,2,0
2026-01-11 21:19:54,Strong,5,7
2026-01-11 21:19:54,Strong,2,8
2026-01-11 21:19:54,Weak,0,3
2026-01-11 21:19:54,Weak,3,1
2026-01-11 21:19:54,Weak,5,8
2026-01-11 21:19:54,Weak,3,4
2026-01-11 21:19:54,Weak,5,3
2026-01-11 21:19:55,Strong,6,3
2026-01-11 21:19:55,Strong,8,1
2026-01-11 21:19:55,Weak,9,6
2026-01-11 21:19:55,Strong,2,7
2026-01-11 21:19:55,Weak,4,7
2026-01-11 21:19:55,Weak,3,2
2026-01-11 21:19:55,Weak,6,9
2026-01-11 21:19:55,Weak,4,8
2026-01-11 21:19:55,Weak,5,10
2026-01-11 21:19:55,Weak,6,0
2026-01-11 21:19:55,Weak,6,8
2026-01-11 21:19:55,Weak,9,1
2026-01-11 21:19:55,Strong,7,1
2026-01-11 21:19:55,Weak,10,6
2026-01-11 21:19:55,Strong,2,9
2026-01-11 21:19:55,Weak,2,8
2026-01-11 21:19:55,Weak,0,4
2026-01-11 21:19:55,Weak,3,3
2026-01-11 21:19:55,Weak,4,9
2026-01-11 21:19:55,Weak,4,10
2026-01-11 21:19:55,Weak,2,4
2026-01-11 21:19:55,Weak,6,1
2026-01-11 21:19:55,Weak,8,1
2026-01-11 21:19:55,Weak,1,3
2026-01-11 21:19:55,Weak,0,5
2026-01-11 21:19:55,Strong,2,10
2026-01-11 21:19:55,Weak,3,9
2026-01-11 21:19:55,Weak,0,4
2026-01-11 21:19:55,Weak,3,2
2026-01-11 21:19:55,Weak,5,10
2026-01-11 21:19:55,Weak,2,5
2026-01-11 21:19:55,Weak,7,8
2026-01-11 21:19:55,Weak,8,2
2026-01-11 21:19:55,Weak,1,0
2026-01-11 21:19:55,Strong,1,9
2026-01-11 21:19:55,Weak,0,3
2026-01-11 21:19:55,Strong,2,9
2026-01-11 21:19:55,Weak,4,10
2026-01-11 21:19:55,Weak,5,4
2026-01-11 21:19:55,Weak,5,5
2026-01-11 21:20:08,Weak,2,0
2026-01-11 21:20:08,Weak,0,7
2026-01-11 21:20:08,Strong,0,9
2026-01-11 21:20:08,Strong,1,7
2026-01-11 21:20:08,Weak,1,5
2026-01-11 21:20:08,Weak,3,7
2026-01-11 21:20:08,Weak,3,1
2026-01-11 21:20:08,Weak,4,8
2026-01-11 21:20:08,Weak,5,10
2026-01-11 21:20:08,Weak,4,4
2026-01-11 21:20:08,Weak,6,2
2026-01-11 21:20:08,Strong,5,3
2026-01-11 21:20:08,Strong,6,3
2026-01-11 21:20:08,Weak,9,2
2026-01-11 21:20:08,Weak,10,5
2026-01-11 21:20:08,Weak,2,7
2026-01-11 21:20:08,Strong,1,8
2026-01-11 21:20:08,Weak,3,8
2026-01-11 21:20:08,Weak,6,8
2026-01-11 21:20:08,Weak,5,4
2026-01-11 21:20:08,Weak,4,9
2026-01-11 21:20:08,Weak,8,2
2026-01-11 21:20:08,Strong,8,1
2026-01-11 21:20:08,Weak,9,5
2026-01-11 21:20:08,Weak,2,1
2026-01-11 21:20:08,Weak,1,7
2026-01-11 21:20:08,Weak,2,7
2026-01-11 21:20:08,Weak,3,7
2026-01-11 21:20:08,Strong,1,9
2026-01-11 21:20:08,Weak,3,2
2026-01-11 21:20:08,Weak,4,7
2026-01-11 21:20:08,Weak,4,10
2026-01-11 21:20:08,Weak,6,1
2026-01-11 21:20:08,Strong,9,1
2026-01-11 21:20:08,Weak,10,5
2026-01-11 21:20:08,Weak,1,1
2026-01-11 21:20:08,Weak,0,5
2026-01-11 21:20:08,Strong,1,10
2026-01-11 21:20:08,Weak,2,8
2026-01-11 21:20:08,Weak,4,8
2026-01-11 21:20:08,Weak,5,9
2026-01-11 21:20:08,Weak,1,5
2026-01-11 21:20:08,Weak,3,10
2026-01-11 21:20:08,Weak,6,2
2026-01-11 21:20:08,Strong,10,1
2026-01-11 21:20:08,Weak,10,6
2026-01-11 21:20:08,Weak,3,8
2026-01-11 21:20:08,Strong,2,10
2026-01-11 21:20:08,Weak,3,3
2026-01-11 21:20:08,Weak,5,10
2026-01-11 21:20:08,Weak,5,5
2026-01-11 21:20:08,Strong,5,4
2026-01-11 21:20:08,Weak,10,5
2026-01-11 21:20:08,Weak,3,7
2026-01-11 21:20:08,Strong,2,9
2026-01-11 21:20:08,Weak,3,2
2026-01-11 21:20:08,Weak,5,9
2026-01-11 21:20:08,Weak,5,8
2026-01-11 21:20:08,Strong,5,3
2026-01-11 21:20:08,Weak,9,2
2026-01-11 21:20:08,Strong,9,1
2026-01-11 21:20:08,Weak,10,6
2026-01-11 21:20:17,Weak,1,2
2026-01-11 21:20:17,Strong,1,9
2026-01-11 21:20:17,Weak,3,9
2026-01-11 21:20:17,Weak,2,7
2026-01-11 21:20:17,Weak,3,1
2026-01-11 21:20:17,Weak,4,10
2026-01-11 21:20:17,Weak,8,2
2026-01-11 21:20:17,Strong,9,0
2026-01-11 21:20:17,Strong,4,7
2026-01-11 21:20:17,Strong,0,9
2026-01-11 21:20:17,Weak,3,8
2026-01-11 21:20:17,Weak,4,9
2026-01-11 21:20:17,Strong,2,8
2026-01-11 21:20:17,Weak,2,1
2026-01-11 21:20:17,Weak,2,5
2026-01-11 21:20:17,Weak,5,4
2026-01-11 21:20:17,Strong,9,1
2026-01-11 21:20:17,Weak,10,5
2026-01-11 21:20:17,Weak,1,3
2026-01-11 21:20:17,Strong,3,7
2026-01-11 21:20:17,Weak,3,9
2026-01-11 21:20:17,Strong,2,9
2026-01-11 21:20:17,Weak,2,8
2026-01-11 21:20:17,Weak,7,3
2026-01-11 21:20:17,Weak,6,5
2026-01-11 21:20:17,Strong,10,1
2026-01-11 21:20:17,Weak,1,2
2026-01-11 21:20:17,Strong,3,6
2026-01-11 21:20:17,Weak,1,3
2026-01-11 21:20:17,Weak,2,7
2026-01-11 21:20:17,Weak,3,10
2026-01-11 21:20:17,Weak,3,9
2026-01-11 21:20:17,Weak,3,1
2026-01-11 21:20:17,Weak,5,7
2026-01-11 21:20:17,Weak,1,5
2026-01-11 21:20:17,Weak,4,4
2026-01-11 21:20:17,Strong,1,7
2026-01-11 21:20:17,Weak,4,9
2026-01-11 21:20:17,Strong,3,9
2026-01-11 21:20:17,Weak,1,8
2026-01-11 21:20:17,Weak,0,3
2026-01-11 21:20:17,Weak,4,1
2026-01-11 21:20:17,Weak,5,8
2026-01-11 21:20:17,Weak,2,5
2026-01-11 21:20:17,Weak,5,4
2026-01-11 21:20:17,Weak,6,1
2026-01-11 21:20:17,Strong,6,2
2026-01-11 21:20:17,Weak,10,6
2026-01-11 21:20:17,Strong,1,9
2026-01-11 21:20:17,Weak,1,5
2026-01-11 21:20:17,Weak,2,10
2026-01-11 21:20:17,Strong,2,9
2026-01-11 21:20:17,Weak,0,4
2026-01-11 21:20:17,Weak,4,2
2026-01-11 21:20:17,Weak,6,9
2026-01-11 21:20:17,Weak,5,9
2026-01-11 21:20:17,Weak,6,3
2026-01-11 21:20:17,Weak,5,5
2026-01-11 21:20:17,Weak,6,8
2026-01-11 21:20:17,Weak,9,2
2026-01-11 21:20:35,Weak,0,5
2026-01-11 21:20:35,Weak,2,8
2026-01-11 21:20:35,Weak,0,3
2026-01-11 21:20:35,Weak,3,2
2026-01-11 21:20:35,Weak,4,7
2026-01-11 21:20:35,Strong,6,7
2026-01-11 21:20:35,Weak,3,10
2026-01-11 21:20:35,Weak,8,2
2026-01-11 21:20:35,Strong,3,7
2026-01-11 21:20:35,Weak,0,4
2026-01-11 21:20:35,Weak,4,8
2026-01-11 21:20:35,Strong,3,9
2026-01-11 21:20:35,Weak,3,8
2026-01-11 21:20:35,Weak,4,2
2026-01-11 21:20:35,Weak,7,3
2026-01-11 21:20:35,Strong,7,7
2026-01-11 21:20:35,Weak,7,1
2026-01-11 21:20:35,Strong,5,4
2026-01-11 21:20:35,Strong,6,3
2026-01-11 21:20:35,Weak,6,7
2026-01-11 21:20:35,Strong,9,1
2026-01-11 21:20:35,Strong,2,9
2026-01-11 21:20:35,Weak,0,5
2026-01-11 21:20:35,Strong,4,9
2026-01-11 21:20:35,Weak,3,9
2026-01-11 21:20:35,Weak,5,10
2026-01-11 21:20:35,Weak,1,5
2026-01-11 21:20:35,Weak,8,1
2026-01-11 21:20:35,Strong,4,4
2026-01-11 21:20:35,Weak,2,8
2026-01-11 21:20:35,Weak,1,10
2026-01-11 21:20:35,Strong,4,10
2026-01-11 21:20:35,Weak,6,8
2026-01-11 21:20:35,Weak,7,4
2026-01-11 21:20:35,Weak,7,1
2026-01-11 21:20:35,Weak,5,7
2026-01-11 21:20:35,Weak,9,2
2026-01-11 21:20:35,Strong,9,0
2026-01-11 21:20:35,Weak,10,5
2026-01-11 21:20:35,Weak,3,8
2026-01-11 21:20:35,Strong,1,8
2026-01-11 21:20:35,Weak,4,9
2026-01-11 21:20:35,Weak,3,2
2026-01-11 21:20:35,Weak,5,4
2026-01-11 21:20:35,Strong,5,3
2026-01-11 21:20:35,Strong,9,1
2026-01-11 21:20:35,Weak,10,4
2026-01-11 21:20:35,Strong,2,7
2026-01-11 21:20:35,Strong,2,10
2026-01-11 21:20:35,Weak,3,7
2026-01-11 21:20:35,Strong,1,9
2026-01-11 21:20:35,Weak,4,2
2026-01-11 21:20:35,Weak,5,9
2026-01-11 21:20:35,Weak,7,3
2026-01-11 21:20:35,Weak,5,5
2026-01-11 21:20:35,Weak,8,1
2026-01-11 21:20:35,Strong,5,4
2026-01-11 21:20:35,Weak,5,8
2026-01-11 21:20:35,Strong,9,0
2026-01-11 21:20:54,Strong,2,8
2026-01-11 21:20:54,Strong,2,9
2026-01-11 21:20:54,Strong,0,9
2026-01-11 21:20:54,Weak,6,7
2026-01-11 21:20:54,Weak,6,3
2026-01-11 21:20:54,Weak,2,5
2026-01-11 21:20:54,Weak,5,6
2026-01-11 21:20:54,Weak,2,10
2026-01-11 21:20:54,Weak,7,1
2026-01-11 21:20:54,Weak,5,7
2026-01-11 21:20:54,Weak,8,2
2026-01-11 21:20:54,Strong,3,8
2026-01-11 21:20:54,Weak,1,7
2026-01-11 21:20:54,Strong,2,8
2026-01-11 21:20:54,Weak,2,7
2026-01-11 21:20:54,Strong,1,9
2026-01-11 21:20:54,Weak,0,4
2026-01-11 21:20:54,Weak,3,2
2026-01-11 21:20:54,Weak,5,8
2026-01-11 21:20:54,Weak,6,2
2026-01-11 21:20:54,Weak,2,4
2026-01-11 21:20:54,Weak,2,9
2026-01-11 21:20:54,Weak,8,1
2026-01-11 21:20:54,Strong,4,4
2026-01-11 21:20:54,Weak,1,1
2026-01-11 21:20:54,Strong,3,7
2026-01-11 21:20:54,Strong,1,8
2026-01-11 21:20:54,Strong,0,9
2026-01-11 21:20:54,Weak,0,5
2026-01-11 21:20:54,Strong,3,10
2026-01-11 21:20:54,Weak,4,2
2026-01-11 21:20:54,Weak,4,8
2026-01-11 21:20:54,Weak,5,9
2026-01-11 21:20:54,Weak,3,4
2026-01-11 21:20:54,Weak,5,5
2026-01-11 21:20:54,Weak,1,9
2026-01-11 21:20:54,Weak,9,1
2026-01-11 21:20:54,Strong,5,4
2026-01-11 21:20:54,Weak,5,8
2026-01-11 21:20:54,Weak,1,2
2026-01-11 21:20:54,Strong,3,6
2026-01-11 21:20:54,Weak,2,8
2026-01-11 21:20:54,Weak,1,5
2026-01-11 21:20:54,Weak,2,10
2026-01-11 21:20:54,Weak,4,1
2026-01-11 21:20:54,Weak,6,3
2026-01-11 21:20:54,Weak,2,9
2026-01-11 21:20:54,Weak,10,1
2026-01-11 21:20:54,Weak,5,7
2026-01-11 21:20:54,Weak,8,1
2026-01-11 21:20:54,Weak,5,3
2026-01-11 21:20:54,Weak,1,9
2026-01-11 21:20:54,Weak,9,1
2026-01-11 21:20:54,Weak,5,8
2026-01-11 21:20:54,Weak,7,1
2026-01-11 21:20:54,Weak,0,5
2026-01-11 21:20:54,Weak,1,10
2026-01-11 21:20:54,Weak,3,1
2026-01-11 21:20:54,Weak,5,7
2026-01-11 21:20:54,Weak,3,8
2026-01-11 21:20:54,Weak,5,10
2026-01-11 21:20:54,Weak,2,4
2026-01-11 21:20:54,Weak,5,6
2026-01-11 21:20:54,Weak,5,5
2026-01-11 21:20:54,Strong,6,7
2026-01-11 21:20:54,Weak,9,2
2026-01-11 21:20:54,Weak,5,9
2026-01-11 21:20:54,Weak,6,8
2026-01-11 21:21:00,Weak,2,7
2026-01-11 21:21:00,Strong,1,7
2026-01-11 21:21:00,Weak,2,9
2026-01-11 21:21:00,Weak,1,5
2026-01-11 21:21:00,Weak,2,10
2026-01-11 21:21:00,Weak,4,10
2026-01-11 21:21:00,Weak,3,2
2026-01-11 21:21:00,Weak,4,8
2026-01-11 21:21:00,Weak,2,5
2026-01-11 21:21:00,Weak,9,3
2026-01-11 21:21:00,Weak,5,8
2026-01-11 21:21:00,Weak,6,1
2026-01-11 21:21:00,Strong,9,1
2026-01-11 21:21:00,Strong,3,7
2026-01-11 21:21:00,Strong,1,8
2026-01-11 21:21:00,Weak,3,8
2026-01-11 21:21:00,Weak,0,4
2026-01-11 21:21:00,Weak,3,3
2026-01-11 21:21:00,Weak,4,9
2026-01-11 21:21:00,Weak,4,8
2026-01-11 21:21:00,Weak,5,9
2026-01-11 21:21:00,Strong,7,7
2026-01-11 21:21:00,Weak,6,9
2026-01-11 21:21:00,Weak,6,2
2026-01-11 21:21:00,Strong,9,0
2026-01-11 21:21:00,Weak,10,5
2026-01-11 21:21:00,Weak,2,8
2026-01-11 21:21:00,Weak,5,10
2026-01-11 21:21:00,Weak,3,9
2026-01-11 21:21:00,Weak,0,3
2026-01-11 21:21:00,Weak,4,10
2026-01-11 21:21:00,Weak,4,9
2026-01-11 21:21:00,Strong,6,7
2026-01-11 21:21:00,Weak,10,3
2026-01-11 21:21:00,Weak,6,3
2026-01-11 21:21:00,Weak,10,6
2026-01-11 21:21:00,Strong,4,7
2026-01-11 21:21:00,Weak,0,5
2026-01-11 21:21:00,Weak,3,8
2026-01-11 21:21:00,Weak,3,9
2026-01-11 21:21:00,Weak,4,9
2026-01-11 21:21:00,Strong,7,7
2026-01-11 21:21:00,Weak,9,3
2026-01-11 21:21:00,Strong,3,4
2026-01-11 21:21:00,Strong,4,4
2026-01-11 21:21:00,Strong,4,8
2026-01-11 21:21:00,Weak,5,9
2026-01-11 21:21:00,Weak,3,2
2026-01-11 21:21:00,Weak,5,10
2026-01-11 21:21:00,Weak,4,10
2026-01-11 21:21:00,Weak,5,4
2026-01-11 21:21:00,Strong,7,8
2026-01-11 21:21:00,Weak,1,10
2026-01-11 21:21:00,Weak,9,2
2026-01-11 21:21:00,Strong,3,3
2026-01-11 21:21:00,Strong,3,4
2026-01-11 21:21:00,Weak,9,6
2026-01-11 21:21:00,Strong,4,9
2026-01-11 21:21:00,Weak,1,5
2026-01-11 21:21:00,Weak,4,8
2026-01-11 21:21:00,Weak,6,7
2026-01-11 21:21:00,Weak,2,4
2026-01-11 21:21:00,Weak,5,7
2026-01-11 21:21:00,Strong,6,8
2026-01-11 21:21:00,Weak,9,1
2026-01-11 21:21:00,Weak,10,6
2026-01-11 21:21:06,Weak,2,5
2026-01-11 21:21:06,Weak,0,4
2026-01-11 21:21:06,Weak,4,7
2026-01-11 21:21:06,Weak,9,2
2026-01-11 21:21:06,Strong,1,9
2026-01-11 21:21:06,Weak,3,8
2026-01-11 21:21:06,Weak,4,8
2026-01-11 21:21:06,Weak,8,2
2026-01-11 21:21:06,Strong,4,4
2026-01-11 21:21:06,Weak,5,7
2026-01-11 21:21:06,Weak,7,3
2026-01-11 21:21:06,Strong,9,1
2026-01-11 21:21:06,Weak,10,5
2026-01-11 21:21:06,Weak,2,7
2026-01-11 21:21:06,Strong,1,8
2026-01-11 21:21:06,Weak,2,8
2026-01-11 21:21:06,Weak,2,9
2026-01-11 21:21:06,Weak,5,8
2026-01-11 21:21:06,Strong,2,10
2026-01-11 21:21:06,Weak,0,3
2026-01-11 21:21:06,Weak,3,10
2026-01-11 21:21:06,Weak,6,3
2026-01-11 21:21:06,Weak,3,4
2026-01-11 21:21:06,Weak,5,3
2026-01-11 21:21:06,Weak,1,9
2026-01-11 21:21:06,Weak,9,2
2026-01-11 21:21:06,Weak,5,9
2026-01-11 21:21:06,Strong,9,0
2026-01-11 21:21:07,Weak,9,5
2026-01-11 21:21:07,Weak,3,7
2026-01-11 21:21:07,Weak,2,7
2026-01-11 21:21:07,Weak,2,4
2026-01-11 21:21:07,Weak,0,4
2026-01-11 21:21:07,Weak,3,1
2026-01-11 21:21:07,Weak,7,7
2026-01-11 21:21:07,Weak,3,9
2026-01-11 21:21:07,Weak,5,4
2026-01-11 21:21:07,Strong,6,9
2026-01-11 21:21:07,Weak,1,10
2026-01-11 21:21:07,Weak,9,3
2026-01-11 21:21:07,Weak,6,7
2026-01-11 21:21:07,Weak,4,7
2026-01-11 21:21:07,Strong,2,8
2026-01-11 21:21:07,Weak,1,7
2026-01-11 21:21:07,Weak,2,5
2026-01-11 21:21:07,Weak,6,8
2026-01-11 21:21:07,Weak,3,2
2026-01-11 21:21:07,Weak,6,2
2026-01-11 21:21:07,Weak,5,5
2026-01-11 21:21:07,Weak,5,8
2026-01-11 21:21:07,Weak,7,4
2026-01-11 21:21:07,Strong,9,1
2026-01-11 21:21:07,Weak,9,6
2026-01-11 21:21:07,Strong,1,8
2026-01-11 21:21:07,Weak,0,3
2026-01-11 21:21:07,Weak,0,7
2026-01-11 21:21:07,Weak,1,9
2026-01-11 21:21:07,Weak,7,8
2026-01-11 21:21:07,Strong,3,10
2026-01-11 21:21:07,Weak,3,7
2026-01-11 21:21:07,Weak,4,2
2026-01-11 21:21:07,Weak,5,9
2026-01-11 21:21:07,Weak,3,8
2026-01-11 21:21:07,Weak,5,6
2026-01-11 21:21:07,Strong,3,2
2026-01-11 21:21:07,Weak,6,8
2026-01-11 21:21:07,Weak,7,3
2026-01-11 21:21:07,Strong,9,0
2026-01-11 21:21:07,Weak,9,5
2026-01-11 21:21:15,Strong,1,7
2026-01-11 21:21:15,Weak,1,8
2026-01-11 21:21:15,Weak,3,6
2026-01-11 21:21:15,Weak,4,1
2026-01-11 21:21:15,Weak,3,7
2026-01-11 21:21:15,Weak,6,1
2026-01-11 21:21:15,Weak,2,4
2026-01-11 21:21:15,Weak,5,7
2026-01-11 21:21:15,Strong,3,3
2026-01-11 21:21:15,Weak,7,4
2026-01-11 21:21:15,Weak,10,5
2026-01-11 21:21:15,Weak,1,1
2026-01-11 21:21:15,Strong,3,9
2026-01-11 21:21:15,Weak,4,2
2026-01-11 21:21:15,Weak,2,7
2026-01-11 21:21:15,Weak,4,9
2026-01-11 21:21:15,Weak,6,2
2026-01-11 21:21:15,Weak,3,8
2026-01-11 21:21:15,Weak,9,2
2026-01-11 21:21:15,Strong,3,2
2026-01-11 21:21:15,Weak,5,8
2026-01-11 21:21:15,Weak,10,6
2026-01-11 21:21:15,Weak,2,1
2026-01-11 21:21:15,Weak,4,8
2026-01-11 21:21:15,Strong,4,10
2026-01-11 21:21:15,Weak,4,1
2026-01-11 21:21:15,Weak,3,7
2026-01-11 21:21:15,Weak,6,1
2026-01-11 21:21:15,Weak,4,7
2026-01-11 21:21:15,Weak,2,10
2026-01-11 21:21:15,Weak,8,2
2026-01-11 21:21:15,Strong,5,4
2026-01-11 21:21:15,Weak,6,8
2026-01-11 21:21:15,Weak,7,3
2026-01-11 21:21:15,Weak,10,5
2026-01-11 21:21:15,Weak,2,0
2026-01-11 21:21:15,Strong,5,10
2026-01-11 21:21:15,Weak,4,10
2026-01-11 21:21:15,Weak,3,4
2026-01-11 21:21:15,Weak,2,8
2026-01-11 21:21:15,Strong,4,2
2026-01-11 21:21:15,Strong,5,5
2026-01-11 21:21:15,Weak,10,6
2026-01-11 21:21:15,Weak,2,1
2026-01-11 21:21:15,Strong,3,8
2026-01-11 21:21:15,Weak,4,9
2026-01-11 21:21:15,Weak,2,4
2026-01-11 21:21:15,Weak,6,7
2026-01-11 21:21:15,Weak,7,1
2026-01-11 21:21:15,Weak,2,7
2026-01-11 21:21:15,Weak,4,8
2026-01-11 21:21:15,Weak,3,10
2026-01-11 21:21:15,Weak,8,1
2026-01-11 21:21:15,Strong,3,2
2026-01-11 21:21:15,Strong,6,5
2026-01-11 21:21:15,Weak,7,4
2026-01-11 21:21:15,Strong,9,1
2026-01-11 21:21:15,Weak,9,6
2026-01-11 21:21:15,Weak,2,0
2026-01-11 21:21:15,Strong,2,8
2026-01-11 21:21:15,Weak,4,7
2026-01-11 21:21:15,Weak,3,9
2026-01-11 21:21:15,Weak,5,7
2026-01-11 21:21:15,Weak,7,3
2026-01-11 21:21:15,Strong,9,2
2026-01-11 21:21:15,Weak,9,5
2026-01-11 21:21:38,Weak,1,0
2026-01-11 21:21:38,Strong,2,9
2026-01-11 21:21:38,Strong,1,9
2026-01-11 21:21:38,Weak,2,5
2026-01-11 21:21:38,Weak,3,10
2026-01-11 21:21:38,Weak,4,4
2026-01-11 21:21:38,Weak,8,2
2026-01-11 21:21:38,Weak,5,6
2026-01-11 21:21:38,Weak,6,3
2026-01-11 21:21:38,Strong,9,3
2026-01-11 21:21:38,Weak,0,0
2026-01-11 21:21:38,Strong,2,8
2026-01-11 21:21:38,Strong,1,10
2026-01-11 21:21:38,Weak,7,7
2026-01-11 21:21:38,Strong,4,10
2026-01-11 21:21:38,Weak,4,2
2026-01-11 21:21:38,Weak,8,1
2026-01-11 21:21:38,Strong,3,1
2026-01-11 21:21:38,Weak,5,5
2026-01-11 21:21:38,Weak,5,3
2026-01-11 21:21:38,Weak,9,6
2026-01-11 21:21:38,Strong,2,9
2026-01-11 21:21:38,Strong,2,10
2026-01-11 21:21:38,Weak,1,5
2026-01-11 21:21:38,Weak,0,5
2026-01-11 21:21:38,Weak,4,1
2026-01-11 21:21:38,Weak,5,4
2026-01-11 21:21:38,Strong,10,3
2026-01-11 21:21:38,Strong,2,8
2026-01-11 21:21:38,Weak,0,4
2026-01-11 21:21:38,Weak,5,7
2026-01-11 21:21:38,Weak,3,4
2026-01-11 21:21:38,Weak,5,8
2026-01-11 21:21:38,Weak,7,8
2026-01-11 21:21:38,Weak,4,4
2026-01-11 21:21:38,Strong,10,4
2026-01-11 21:21:38,Weak,10,6
2026-01-11 21:21:38,Weak,1,0
2026-01-11 21:21:38,Strong,2,9
2026-01-11 21:21:38,Strong,1,10
2026-01-11 21:21:38,Strong,5,10
2026-01-11 21:21:38,Weak,6,8
2026-01-11 21:21:38,Weak,5,6
2026-01-11 21:21:38,Weak,2,10
2026-01-11 21:21:38,Weak,9,1
2026-01-11 21:21:38,Weak,3,10
2026-01-11 21:21:38,Weak,5,4
2026-01-11 21:21:38,Weak,2,0
2026-01-11 21:21:38,Strong,3,9
2026-01-11 21:21:38,Weak,2,5
2026-01-11 21:21:38,Weak,1,9
2026-01-11 21:21:38,Weak,6,7
2026-01-11 21:21:38,Weak,8,1
2026-01-11 21:21:38,Weak,3,3
2026-01-11 21:21:38,Weak,2,8
2026-01-11 21:21:38,Weak,5,7
2026-01-11 21:21:38,Weak,4,10
2026-01-11 21:21:38,Weak,9,2
2026-01-11 21:21:38,Weak,7,7
2026-01-11 21:21:38,Weak,9,6
2026-01-11 21:21:44,Strong,3,8
2026-01-11 21:21:44,Weak,3,9
2026-01-11 21:21:44,Weak,0,3
2026-01-11 21:21:44,Weak,1,8
2026-01-11 21:21:44,Weak,5,8
2026-01-11 21:21:44,Weak,8,2
2026-01-11 21:21:44,Weak,2,9
2026-01-11 21:21:44,Weak,4,9
2026-01-11 21:21:44,Weak,5,3
2026-01-11 21:21:44,Weak,9,5
2026-01-11 21:21:44,Strong,3,7
2026-01-11 21:21:44,Weak,3,8
2026-01-11 21:21:44,Strong,2,7
2026-01-11 21:21:44,Weak,1,3
2026-01-11 21:21:44,Weak,2,4
2026-01-11 21:21:44,Weak,1,7
2026-01-11 21:21:44,Weak,4,8
2026-01-11 21:21:44,Weak,8,1
2026-01-11 21:21:44,Weak,3,4
2026-01-11 21:21:44,Weak,3,9
2026-01-11 21:21:44,Weak,9,1
2026-01-11 21:21:44,Weak,7,8
2026-01-11 21:21:44,Weak,5,4
2026-01-11 21:21:44,Strong,10,3
2026-01-11 21:21:44,Weak,1,0
2026-01-11 21:21:44,Weak,1,8
2026-01-11 21:21:44,Weak,4,7
2026-01-11 21:21:44,Weak,8,2
2026-01-11 21:21:44,Weak,4,8
2026-01-11 21:21:44,Weak,9,0
2026-01-11 21:21:44,Weak,7,7
2026-01-11 21:21:44,Strong,10,4
2026-01-11 21:21:44,Weak,1,1
2026-01-11 21:21:44,Strong,1,7
2026-01-11 21:21:44,Weak,1,2
2026-01-11 21:21:44,Strong,1,9
2026-01-11 21:21:44,Strong,5,9
2026-01-11 21:21:44,Weak,1,5
2026-01-11 21:21:44,Weak,2,9
2026-01-11 21:21:44,Weak,3,3
2026-01-11 21:21:44,Weak,4,9
2026-01-11 21:21:44,Strong,3,2
2026-01-11 21:21:44,Weak,5,5
2026-01-11 21:21:44,Weak,2,8
2026-01-11 21:21:44,Strong,0,9
2026-01-11 21:21:44,Strong,5,8
2026-01-11 21:21:44,Weak,7,8
2026-01-11 21:21:44,Weak,2,10
2026-01-11 21:21:44,Weak,3,10
2026-01-11 21:21:44,Strong,6,8
2026-01-11 21:21:44,Weak,4,10
2026-01-11 21:21:44,Strong,3,1
2026-01-11 21:21:44,Weak,2,9
2026-01-11 21:21:44,Weak,1,3
2026-01-11 21:21:44,Weak,4,2
2026-01-11 21:21:44,Weak,9,2
2026-01-11 21:21:44,Weak,4,9
2026-01-11 21:21:44,Strong,3,2
2026-01-11 21:21:44,Weak,5,4
2026-01-11 21:21:44,Strong,10,3
2026-01-11 21:21:44,Weak,10,5
2026-01-11 21:21:51,Strong,2,7
2026-01-11 21:21:51,Weak,2,8
2026-01-11 21:21:51,Strong,4,8
2026-01-11 21:21:51,Weak,4,1
2026-01-11 21:21:51,Weak,8,2
2026-01-11 21:21:51,Strong,6,9
2026-01-11 21:21:51,Weak,3,9
2026-01-11 21:21:51,Weak,6,3
2026-01-11 21:21:51,Strong,10,4
2026-01-11 21:21:51,Weak,2,1
2026-01-11 21:21:51,Weak,2,5
2026-01-11 21:21:51,Weak,1,8
2026-01-11 21:21:51,Strong,5,8
2026-01-11 21:21:51,Weak,4,8
2026-01-11 21:21:51,Weak,9,2
2026-01-11 21:21:51,Weak,3,4
2026-01-11 21:21:51,Weak,4,10
2026-01-11 21:21:51,Strong,6,8
2026-01-11 21:21:51,Weak,3,10
2026-01-11 21:21:51,Strong,3,3
2026-01-11 21:21:51,Strong,5,5
2026-01-11 21:21:51,Weak,6,2
2026-01-11 21:21:51,Weak,10,6
2026-01-11 21:21:51,Strong,3,7
2026-01-11 21:21:51,Weak,3,9
2026-01-11 21:21:51,Weak,0,3
2026-01-11 21:21:51,Weak,2,4
2026-01-11 21:21:51,Weak,4,7
2026-01-11 21:21:51,Weak,9,1
2026-01-11 21:21:51,Weak,5,10
2026-01-11 21:21:51,Strong,3,2
2026-01-11 21:21:51,Weak,6,3
2026-01-11 21:21:51,Strong,10,5
2026-01-11 21:21:51,Weak,9,6
2026-01-11 21:21:51,Weak,2,0
2026-01-11 21:21:51,Weak,2,9
2026-01-11 21:21:51,Weak,2,8
2026-01-11 21:21:51,Weak,2,5
2026-01-11 21:21:51,Weak,3,1
2026-01-11 21:21:51,Weak,4,8
2026-01-11 21:21:51,Weak,9,2
2026-01-11 21:21:51,Weak,4,4
2026-01-11 21:21:51,Weak,5,9
2026-01-11 21:21:51,Strong,6,9
2026-01-11 21:21:51,Weak,4,10
2026-01-11 21:21:51,Strong,4,2
2026-01-11 21:21:51,Weak,5,3
2026-01-11 21:21:51,Strong,10,6
2026-01-11 21:21:51,Weak,9,7
2026-01-11 21:21:51,Weak,1,0
2026-01-11 21:21:51,Weak,1,9
2026-01-11 21:21:51,Weak,2,9
2026-01-11 21:21:51,Weak,1,10
2026-01-11 21:21:51,Weak,9,1
2026-01-11 21:21:51,Weak,4,9
2026-01-11 21:21:51,Strong,5,4
2026-01-11 21:21:51,Weak,7,3
2026-01-11 21:21:51,Weak,0,0
2026-01-11 21:21:51,Strong,3,8
2026-01-11 21:21:51,Weak,1,8
2026-01-11 21:21:51,Weak,0,4
2026-01-11 21:21:51,Strong,1,9
2026-01-11 21:21:51,Weak,2,10
2026-01-11 21:21:51,Strong,6,8
2026-01-11 21:21:51,Weak,3,2
2026-01-11 21:21:51,Weak,5,8
2026-01-11 21:21:51,Weak,5,5
2026-01-11 21:21:51,Weak,9,2
2026-01-11 21:21:51,Weak,5,6
2026-01-11 21:21:51,Strong,5,9
2026-01-11 21:21:51,Strong,4,1
2026-01-11 21:21:51,Weak,6,3
2026-01-11 21:21:51,Strong,10,5
2026-01-11 21:21:56,Strong,3,7
2026-01-11 21:21:56,Strong,2,7
2026-01-11 21:21:56,Strong,2,9
2026-01-11 21:21:56,Weak,3,1
2026-01-11 21:21:56,Weak,4,8
2026-01-11 21:21:56,Weak,3,4
2026-01-11 21:21:56,Strong,5,8
2026-01-11 21:21:56,Weak,5,10
2026-01-11 21:21:56,Strong,4,2
2026-01-11 21:21:56,Strong,4,4
2026-01-11 21:21:56,Weak,6,2
2026-01-11 21:21:56,Strong,9,5
2026-01-11 21:21:56,Weak,1,0
2026-01-11 21:21:56,Strong,4,7
2026-01-11 21:21:56,Weak,2,8
2026-01-11 21:21:56,Weak,1,7
2026-01-11 21:21:56,Weak,3,7
2026-01-11 21:21:56,Weak,1,5
2026-01-11 21:21:56,Weak,3,2
2026-01-11 21:21:56,Weak,9,1
2026-01-11 21:21:56,Weak,3,3
2026-01-11 21:21:56,Weak,5,9
2026-01-11 21:21:56,Weak,6,3
2026-01-11 21:21:56,Strong,10,5
2026-01-11 21:21:56,Weak,2,0
2026-01-11 21:21:56,Weak,3,4
2026-01-11 21:21:56,Weak,3,10
2026-01-11 21:21:56,Weak,2,5
2026-01-11 21:21:56,Weak,3,1
2026-01-11 21:21:56,Weak,3,8
2026-01-11 21:21:56,Weak,3,2
2026-01-11 21:21:56,Weak,4,10
2026-01-11 21:21:56,Strong,4,1
2026-01-11 21:21:56,Strong,5,4
2026-01-11 21:21:56,Strong,10,6
2026-01-11 21:21:56,Weak,1,0
2026-01-11 21:21:56,Weak,1,8
2026-01-11 21:21:56,Weak,0,5
2026-01-11 21:21:56,Weak,0,7
2026-01-11 21:21:56,Strong,2,8
2026-01-11 21:21:56,Weak,3,3
2026-01-11 21:21:56,Weak,2,10
2026-01-11 21:21:56,Weak,2,1
2026-01-11 21:21:56,Weak,10,1
2026-01-11 21:21:56,Weak,3,1
2026-01-11 21:21:56,Weak,3,10
2026-01-11 21:21:56,Weak,5,10
2026-01-11 21:21:56,Weak,5,3
2026-01-11 21:21:56,Weak,0,0
2026-01-11 21:21:56,Strong,5,7
2026-01-11 21:21:56,Weak,0,4
2026-01-11 21:21:56,Weak,4,8
2026-01-11 21:21:56,Weak,1,9
2026-01-11 21:21:56,Weak,4,10
2026-01-11 21:21:56,Weak,9,1
2026-01-11 21:21:56,Weak,6,1
2026-01-11 21:21:56,Weak,6,3
2026-01-11 21:21:56,Strong,4,7
2026-01-11 21:21:56,Strong,1,7
2026-01-11 21:21:56,Weak,0,3
2026-01-11 21:21:56,Strong,3,8
2026-01-11 21:21:56,Weak,5,7
2026-01-11 21:21:56,Strong,6,7
2026-01-11 21:21:56,Weak,1,5
2026-01-11 21:21:56,Weak,1,1
2026-01-11 21:21:56,Weak,6,5
2026-01-11 21:21:56,Weak,1,10
2026-01-11 21:21:56,Weak,2,1
2026-01-11 21:21:56,Weak,9,2
2026-01-11 21:21:56,Strong,4,2
2026-01-11 21:21:56,Weak,7,1
2026-01-11 21:21:56,Weak,7,3
2026-01-11 21:21:56,Weak,9,6
2026-01-11 21:22:02,Weak,1,9
2026-01-11 21:22:02,Strong,1,8
2026-01-11 21:22:02,Weak,1,3
2026-01-11 21:22:02,Weak,1,7
2026-01-11 21:22:02,Weak,9,1
2026-01-11 21:22:02,Weak,9,3
2026-01-11 21:22:02,Strong,4,1
2026-01-11 21:22:02,Strong,5,3
2026-01-11 21:22:02,Weak,0,9
2026-01-11 21:22:02,Strong,2,8
2026-01-11 21:22:02,Weak,1,8
2026-01-11 21:22:02,Strong,3,9
2026-01-11 21:22:02,Strong,6,8
2026-01-11 21:22:02,Weak,3,8
2026-01-11 21:22:02,Weak,2,5
2026-01-11 21:22:02,Weak,1,0
2026-01-11 21:22:02,Weak,8,1
2026-01-11 21:22:02,Weak,3,1
2026-01-11 21:22:02,Weak,5,5
2026-01-11 21:22:02,Strong,5,9
2026-01-11 21:22:02,Strong,6,3
2026-01-11 21:22:02,Weak,1,2
2026-01-11 21:22:02,Weak,1,9
2026-01-11 21:22:02,Strong,4,9
2026-01-11 21:22:02,Weak,2,9
2026-01-11 21:22:02,Weak,5,6
2026-01-11 21:22:02,Weak,1,5
2026-01-11 21:22:02,Weak,1,1
2026-01-11 21:22:02,Weak,8,2
2026-01-11 21:22:02,Weak,2,10
2026-01-11 21:22:02,Strong,5,10
2026-01-11 21:22:02,Weak,3,10
2026-01-11 21:22:02,Strong,4,2
2026-01-11 21:22:02,Weak,8,1
2026-01-11 21:22:02,Weak,1,0
2026-01-11 21:22:02,Weak,1,3
2026-01-11 21:22:02,Strong,4,10
2026-01-11 21:22:02,Weak,3,2
2026-01-11 21:22:02,Weak,5,7
2026-01-11 21:22:02,Strong,6,7
2026-01-11 21:22:02,Weak,3,9
2026-01-11 21:22:02,Weak,2,5
2026-01-11 21:22:02,Weak,3,8
2026-01-11 21:22:02,Weak,9,2
2026-01-11 21:22:02,Weak,4,1
2026-01-11 21:22:02,Weak,10,3
2026-01-11 21:22:02,Weak,7,1
2026-01-11 21:22:02,Strong,2,7
2026-01-11 21:22:02,Weak,0,3
2026-01-11 21:22:02,Weak,3,1
2026-01-11 21:22:02,Weak,2,8
2026-01-11 21:22:02,Strong,6,8
2026-01-11 21:22:02,Weak,2,9
2026-01-11 21:22:02,Weak,1,5
2026-01-11 21:22:02,Weak,2,1
2026-01-11 21:22:02,Weak,9,1
2026-01-11 21:22:02,Weak,9,3
2026-01-11 21:22:02,Strong,6,2
2026-01-11 21:22:02,Weak,7,4
2026-01-11 21:22:02,Weak,9,7
2026-01-11 21:22:02,Weak,2,0
2026-01-11 21:22:02,Strong,4,8
2026-01-11 21:22:02,Strong,3,7
2026-01-11 21:22:02,Weak,6,7
2026-01-11 21:22:02,Strong,6,9
2026-01-11 21:22:02,Weak,1,1
2026-01-11 21:22:02,Weak,8,1
2026-01-11 21:22:02,Weak,10,3
2026-01-11 21:29:09,Weak,3,6
2026-01-11 21:29:09,Weak,3,4
2026-01-11 21:29:09,Weak,3,9
2026-01-11 21:29:09,Strong,3,2
2026-01-11 21:29:09,Strong,5,0
2026-01-11 21:29:09,Strong,6,1
2026-01-11 21:29:09,Weak,5,6
2026-01-11 21:29:09,Strong,5,7
2026-01-11 21:29:09,Strong,8,2
2026-01-11 21:29:09,Strong,7,6
2026-01-11 21:29:09,Weak,8,10
2026-01-11 21:29:09,Strong,8,7
2026-01-11 21:29:09,Weak,9,2
2026-01-11 21:29:09,Weak,0,9
2026-01-11 21:29:09,Strong,1,1
2026-01-11 21:29:09,Strong,1,5
2026-01-11 21:29:09,Weak,3,5
2026-01-11 21:29:09,Strong,4,7
2026-01-11 21:29:09,Weak,4,2
2026-01-11 21:29:09,Strong,3,3
2026-01-11 21:29:09,Strong,5,1
2026-01-11 21:29:09,Strong,4,4
2026-01-11 21:29:09,Strong,7,1
2026-01-11 21:29:09,Strong,6,7
2026-01-11 21:29:09,Weak,6,10
2026-01-11 21:29:09,Strong,6,6
2026-01-11 21:29:09,Strong,8,8
2026-01-11 21:29:09,Strong,9,7
2026-01-11 21:29:09,Weak,0,10
2026-01-11 21:29:09,Strong,0,1
2026-01-11 21:29:09,Strong,1,1
2026-01-11 21:29:09,Strong,2,5
2026-01-11 21:29:09,Weak,1,7
2026-01-11 21:29:09,Weak,4,5
2026-01-11 21:29:09,Weak,4,6
2026-01-11 21:29:09,Weak,3,8
2026-01-11 21:29:09,Strong,4,8
2026-01-11 21:29:09,Weak,3,2
2026-01-11 21:29:09,Strong,4,1
2026-01-11 21:29:09,Strong,5,7
2026-01-11 21:29:09,Weak,7,10
2026-01-11 21:29:09,Strong,6,7
2026-01-11 21:29:09,Strong,7,8
2026-01-11 21:29:09,Weak,9,3
2026-01-11 21:29:09,Strong,9,8
2026-01-11 21:29:09,Weak,10,7
2026-01-11 21:29:09,Strong,0,0
2026-01-11 21:29:09,Strong,2,1
2026-01-11 21:29:09,Weak,4,7
2026-01-11 21:29:09,Weak,3,7
2026-01-11 21:29:09,Strong,4,9
2026-01-11 21:29:09,Weak,2,9
2026-01-11 21:29:09,Weak,4,2
2026-01-11 21:29:09,Strong,4,3
2026-01-11 21:29:09,Weak,7,9
2026-01-11 21:29:09,Strong,7,2
2026-01-11 21:29:09,Weak,7,10
2026-01-11 21:29:09,Strong,8,8
2026-01-11 21:29:09,Weak,8,3
2026-01-11 21:29:09,Weak,10,8
2026-01-11 21:29:09,Strong,1,6
2026-01-11 21:29:09,Weak,1,10
2026-01-11 21:29:09,Strong,1,1
2026-01-11 21:29:09,Strong,3,5
2026-01-11 21:29:09,Weak,1,8
2026-01-11 21:29:09,Weak,3,8
2026-01-11 21:29:09,Weak,1,9
2026-01-11 21:29:09,Strong,3,3
2026-01-11 21:29:09,Strong,3,1
2026-01-11 21:29:09,Strong,4,3
2026-01-11 21:29:09,Weak,7,8
2026-01-11 21:29:09,Strong,7,7
2026-01-11 21:29:09,Weak,7,9
2026-01-11 21:29:09,Strong,8,9
2026-01-11 21:29:09,Strong,9,2
2026-01-11 21:29:09,Strong,8,8
2026-01-11 21:29:09,Strong,1,5
2026-01-11 21:29:09,Weak,0,10
2026-01-11 21:29:09,Strong,2,1
2026-01-11 21:29:09,Strong,2,5
2026-01-11 21:29:09,Weak,1,7
2026-01-11 21:29:09,Weak,4,6
2026-01-11 21:29:09,Weak,2,8
2026-01-11 21:29:09,Weak,2,9
2026-01-11 21:29:09,Weak,4,1
2026-01-11 21:29:09,Strong,4,2
2026-01-11 21:29:09,Strong,7,6
2026-01-11 21:29:09,Weak,7,10
2026-01-11 21:29:09,Weak,9,1
2026-01-11 21:29:09,Strong,8,10
2026-01-11 21:29:09,Strong,10,2
2026-01-11 21:29:09,Weak,8,2
2026-01-11 21:29:09,Strong,8,9
2026-01-11 21:29:09,Weak,9,8
2026-01-11 21:29:09,Weak,9,9
2026-01-11 21:29:19,Weak,1,10
2026-01-11 21:29:19,Weak,2,7
2026-01-11 21:29:19,Weak,4,4
2026-01-11 21:29:19,Weak,3,9
2026-01-11 21:29:19,Weak,5,1
2026-01-11 21:29:19,Strong,4,1
2026-01-11 21:29:19,Strong,6,1
2026-01-11 21:29:19,Weak,7,9
2026-01-11 21:29:19,Strong,6,6
2026-01-11 21:29:20,Weak,8,1
2026-01-11 21:29:20,Weak,10,1
2026-01-11 21:29:20,Strong,9,2
2026-01-11 21:29:20,Strong,8,8
2026-01-11 21:29:20,Weak,10,8
2026-01-11 21:29:20,Weak,10,9
2026-01-11 21:29:20,Strong,0,5
2026-01-11 21:29:20,Strong,2,6
2026-01-11 21:29:20,Weak,4,3
2026-01-11 21:29:20,Weak,5,0
2026-01-11 21:29:20,Strong,5,1
2026-01-11 21:29:20,Strong,6,5
2026-01-11 21:29:20,Weak,8,0
2026-01-11 21:29:20,Weak,10,2
2026-01-11 21:29:20,Strong,9,10
2026-01-11 21:29:20,Strong,9,1
2026-01-11 21:29:20,Strong,8,7
2026-01-11 21:29:20,Strong,1,5
2026-01-11 21:29:20,Strong,2,5
2026-01-11 21:29:20,Weak,1,8
2026-01-11 21:29:20,Weak,3,6
2026-01-11 21:29:20,Weak,3,7
2026-01-11 21:29:20,Weak,6,0
2026-01-11 21:29:20,Strong,3,2
2026-01-11 21:29:20,Strong,5,0
2026-01-11 21:29:20,Strong,6,2
2026-01-11 21:29:20,Weak,4,6
2026-01-11 21:29:20,Strong,6,7
2026-01-11 21:29:20,Weak,7,8
2026-01-11 21:29:20,Strong,6,6
2026-01-11 21:29:20,Weak,6,10
2026-01-11 21:29:20,Weak,10,3
2026-01-11 21:29:20,Strong,8,1
2026-01-11 21:29:20,Weak,8,3
2026-01-11 21:29:20,Strong,9,7
2026-01-11 21:29:20,Weak,9,9
2026-01-11 21:29:20,Strong,0,6
2026-01-11 21:29:20,Strong,0,1
2026-01-11 21:29:20,Strong,2,6
2026-01-11 21:29:20,Weak,2,8
2026-01-11 21:29:20,Weak,5,7
2026-01-11 21:29:20,Weak,2,7
2026-01-11 21:29:20,Weak,3,3
2026-01-11 21:29:20,Weak,3,8
2026-01-11 21:29:20,Weak,6,1
2026-01-11 21:29:20,Strong,6,0
2026-01-11 21:29:20,Strong,4,1
2026-01-11 21:29:20,Weak,4,8
2026-01-11 21:29:20,Strong,8,2
2026-01-11 21:29:20,Weak,10,2
2026-01-11 21:29:20,Strong,10,7
2026-01-11 21:29:20,Weak,8,9
2026-01-11 21:29:20,Weak,10,9
2026-01-11 21:29:20,Strong,0,0
2026-01-11 21:29:20,Weak,3,7
2026-01-11 21:29:20,Weak,4,7
2026-01-11 21:29:20,Strong,3,9
2026-01-11 21:29:20,Strong,5,1
2026-01-11 21:29:20,Weak,4,9
2026-01-11 21:29:20,Weak,3,6
2026-01-11 21:29:20,Strong,7,7
2026-01-11 21:29:20,Strong,7,2
2026-01-11 21:29:20,Strong,6,7
2026-01-11 21:29:20,Weak,6,9
2026-01-11 21:29:20,Weak,9,2
2026-01-11 21:29:20,Strong,9,9
2026-01-11 21:29:20,Weak,8,2
2026-01-11 21:29:20,Strong,10,6
2026-01-11 21:29:20,Weak,9,8
2026-01-11 21:29:20,Weak,8,8
2026-01-11 21:29:20,Strong,1,6
2026-01-11 21:29:20,Strong,0,5
2026-01-11 21:29:20,Weak,1,9
2026-01-11 21:29:20,Strong,0,1
2026-01-11 21:29:20,Strong,3,1
2026-01-11 21:29:20,Strong,2,5
2026-01-11 21:29:20,Weak,5,7
2026-01-11 21:29:20,Weak,3,5
2026-01-11 21:29:20,Strong,7,6
2026-01-11 21:29:20,Weak,9,3
2026-01-11 21:29:20,Strong,8,9
2026-01-11 21:29:20,Weak,9,2
2026-01-11 21:29:20,Strong,10,5
2026-01-11 21:29:20,Weak,9,9
2026-01-11 21:29:20,Weak,10,8
2026-01-11 21:29:28,Strong,1,7
2026-01-11 21:29:28,Weak,1,8
2026-01-11 21:29:28,Strong,3,0
2026-01-11 21:29:28,Weak,2,9
2026-01-11 21:29:28,Strong,3,4
2026-01-11 21:29:28,Weak,4,7
2026-01-11 21:29:28,Weak,2,6
2026-01-11 21:29:28,Weak,4,8
2026-01-11 21:29:28,Strong,8,6
2026-01-11 21:29:28,Strong,8,2
2026-01-11 21:29:28,Weak,6,10
2026-01-11 21:29:28,Weak,8,3
2026-01-11 21:29:28,Strong,8,10
2026-01-11 21:29:28,Weak,9,3
2026-01-11 21:29:28,Weak,8,9
2026-01-11 21:29:28,Weak,8,7
2026-01-11 21:29:28,Weak,9,8
2026-01-11 21:29:28,Strong,1,6
2026-01-11 21:29:28,Strong,1,5
2026-01-11 21:29:28,Weak,2,8
2026-01-11 21:29:28,Strong,2,4
2026-01-11 21:29:28,Weak,4,6
2026-01-11 21:29:28,Weak,5,6
2026-01-11 21:29:28,Strong,3,8
2026-01-11 21:29:28,Weak,5,8
2026-01-11 21:29:28,Strong,5,0
2026-01-11 21:29:28,Weak,3,9
2026-01-11 21:29:28,Weak,4,5
2026-01-11 21:29:28,Strong,8,5
2026-01-11 21:29:28,Strong,7,2
2026-01-11 21:29:28,Strong,6,6
2026-01-11 21:29:28,Weak,6,9
2026-01-11 21:29:28,Strong,9,1
2026-01-11 21:29:28,Weak,9,2
2026-01-11 21:29:28,Strong,10,6
2026-01-11 21:29:28,Weak,9,9
2026-01-11 21:29:28,Weak,8,6
2026-01-11 21:29:28,Weak,9,7
2026-01-11 21:29:28,Strong,1,7
2026-01-11 21:29:28,Strong,0,0
2026-01-11 21:29:28,Strong,3,5
2026-01-11 21:29:28,Strong,3,4
2026-01-11 21:29:28,Weak,3,6
2026-01-11 21:29:28,Strong,3,7
2026-01-11 21:29:28,Strong,4,9
2026-01-11 21:29:28,Weak,2,9
2026-01-11 21:29:28,Weak,4,4
2026-01-11 21:29:28,Strong,8,4
2026-01-11 21:29:28,Weak,7,9
2026-01-11 21:29:28,Strong,6,5
2026-01-11 21:29:28,Weak,6,10
2026-01-11 21:29:28,Weak,8,2
2026-01-11 21:29:28,Strong,8,9
2026-01-11 21:29:28,Weak,9,3
2026-01-11 21:29:28,Strong,10,5
2026-01-11 21:29:28,Weak,10,9
2026-01-11 21:29:28,Weak,9,6
2026-01-11 21:29:28,Weak,8,7
2026-01-11 21:29:28,Strong,0,5
2026-01-11 21:29:28,Weak,3,8
2026-01-11 21:29:28,Weak,6,6
2026-01-11 21:29:28,Weak,4,8
2026-01-11 21:29:28,Weak,2,8
2026-01-11 21:29:28,Strong,8,1
2026-01-11 21:29:28,Weak,4,5
2026-01-11 21:29:28,Strong,9,4
2026-01-11 21:29:28,Weak,6,9
2026-01-11 21:29:28,Strong,6,4
2026-01-11 21:29:28,Weak,8,3
2026-01-11 21:29:29,Strong,8,10
2026-01-11 21:29:29,Weak,10,3
2026-01-11 21:29:29,Weak,10,8
2026-01-11 21:29:29,Weak,8,6
2026-01-11 21:29:29,Strong,4,4
2026-01-11 21:29:29,Weak,4,7
2026-01-11 21:29:29,Weak,7,6
2026-01-11 21:29:29,Strong,4,10
2026-01-11 21:29:29,Strong,9,3
2026-01-11 21:29:29,Strong,7,4
2026-01-11 21:29:29,Weak,9,8
2026-01-11 21:29:29,Weak,9,7
2026-01-11 21:29:29,Weak,9,6
2026-01-11 21:29:29,Strong,2,7
2026-01-11 21:29:29,Strong,3,4
2026-01-11 21:29:29,Weak,3,5
2026-01-11 21:29:29,Strong,3,6
2026-01-11 21:29:29,Weak,7,1
2026-01-11 21:29:29,Strong,3,1
2026-01-11 21:29:29,Strong,6,1
2026-01-11 21:29:29,Strong,9,4
2026-01-11 21:29:29,Strong,8,4
2026-01-11 21:29:29,Weak,7,10
2026-01-11 21:29:29,Strong,9,2
2026-01-11 21:29:29,Weak,9,3
2026-01-11 21:29:29,Strong,10,6
2026-01-11 21:29:29,Weak,9,9
2026-01-11 21:29:29,Weak,10,7
2026-01-11 21:29:29,Weak,8,6
2026-01-11 21:29:35,Strong,1,7
2026-01-11 21:29:35,Strong,1,5
2026-01-11 21:29:35,Weak,3,7
2026-01-11 21:29:35,Weak,6,6
2026-01-11 21:29:35,Strong,4,6
2026-01-11 21:29:35,Weak,3,8
2026-01-11 21:29:35,Strong,3,2
2026-01-11 21:29:35,Strong,4,9
2026-01-11 21:29:35,Strong,5,1
2026-01-11 21:29:35,Strong,6,0
2026-01-11 21:29:35,Strong,8,2
2026-01-11 21:29:35,Strong,8,9
2026-01-11 21:29:35,Strong,10,5
2026-01-11 21:29:35,Weak,9,10
2026-01-11 21:29:35,Weak,9,6
2026-01-11 21:29:35,Strong,1,6
2026-01-11 21:29:35,Weak,1,9
2026-01-11 21:29:35,Strong,1,0
2026-01-11 21:29:35,Weak,2,7
2026-01-11 21:29:35,Weak,4,8
2026-01-11 21:29:35,Weak,5,6
2026-01-11 21:29:35,Weak,2,5
2026-01-11 21:29:35,Strong,3,6
2026-01-11 21:29:35,Weak,3,9
2026-01-11 21:29:35,Weak,8,1
2026-01-11 21:29:35,Strong,4,1
2026-01-11 21:29:35,Strong,5,0
2026-01-11 21:29:35,Weak,2,9
2026-01-11 21:29:35,Weak,4,6
2026-01-11 21:29:35,Weak,6,10
2026-01-11 21:29:35,Strong,7,4
2026-01-11 21:29:35,Weak,8,10
2026-01-11 21:29:35,Strong,8,8
2026-01-11 21:29:35,Weak,9,7
2026-01-11 21:29:35,Weak,1,8
2026-01-11 21:29:35,Strong,0,0
2026-01-11 21:29:35,Strong,2,4
2026-01-11 21:29:35,Weak,2,8
2026-01-11 21:29:35,Strong,5,4
2026-01-11 21:29:35,Weak,5,7
2026-01-11 21:29:35,Weak,2,6
2026-01-11 21:29:35,Strong,3,5
2026-01-11 21:29:35,Strong,4,2
2026-01-11 21:29:35,Strong,6,1
2026-01-11 21:29:35,Weak,4,5
2026-01-11 21:29:35,Weak,7,10
2026-01-11 21:29:35,Strong,7,1
2026-01-11 21:29:35,Strong,8,9
2026-01-11 21:29:35,Weak,10,3
2026-01-11 21:29:35,Weak,10,7
2026-01-11 21:29:35,Weak,10,6
2026-01-11 21:29:35,Strong,0,6
2026-01-11 21:29:35,Strong,2,5
2026-01-11 21:29:35,Weak,5,6
2026-01-11 21:29:35,Weak,4,3
2026-01-11 21:29:35,Strong,3,4
2026-01-11 21:29:35,Strong,3,1
2026-01-11 21:29:35,Strong,4,1
2026-01-11 21:29:35,Strong,5,1
2026-01-11 21:29:35,Strong,7,2
2026-01-11 21:29:35,Weak,3,5
2026-01-11 21:29:35,Strong,8,4
2026-01-11 21:29:35,Weak,7,9
2026-01-11 21:29:35,Strong,9,9
2026-01-11 21:29:35,Strong,8,2
2026-01-11 21:29:35,Weak,10,4
2026-01-11 21:29:35,Weak,10,8
2026-01-11 21:29:35,Weak,10,7
2026-01-11 21:29:35,Weak,1,9
2026-01-11 21:29:35,Weak,6,6
2026-01-11 21:29:35,Weak,3,6
2026-01-11 21:29:35,Strong,4,4
2026-01-11 21:29:35,Strong,6,0
2026-01-11 21:29:35,Weak,7,10
2026-01-11 21:29:35,Strong,6,4
2026-01-11 21:29:35,Strong,9,8
2026-01-11 21:29:35,Strong,10,6
2026-01-11 21:29:35,Weak,9,7
2026-01-11 21:29:35,Strong,0,5
2026-01-11 21:29:35,Weak,4,7
2026-01-11 21:29:35,Weak,5,6
2026-01-11 21:29:35,Weak,3,8
2026-01-11 21:29:35,Strong,3,9
2026-01-11 21:29:35,Strong,4,2
2026-01-11 21:29:35,Strong,4,1
2026-01-11 21:29:35,Strong,5,0
2026-01-11 21:29:35,Strong,7,4
2026-01-11 21:29:35,Strong,6,5
2026-01-11 21:29:35,Weak,8,4
2026-01-11 21:29:35,Weak,10,5
2026-01-11 21:29:35,Weak,10,10
2026-01-11 21:29:35,Weak,10,7
